total_revenue,avg_revenue,max_revenue,min_revenue,total_quantity,avg_quantity,purchase_frequency,avg_order_value,actual,predicted,churn_probability
2059.05,10.837105263157897,37.5,0.84,1499,7.889473684210526,190,10.837105263157897,0,0,0.06193176
709.12,4.856986301369863,30.6,0.19,939,6.431506849315069,146,4.856986301369863,0,0,0.048655223
1647.2,19.378823529411765,35.400000000000006,5.9,312,3.6705882352941175,85,19.378823529411765,0,0,0.32718012
1380.1200000000001,17.46987341772152,34.8,5.04,1224,15.49367088607595,79,17.46987341772152,0,0,0.17526108
477.14,4.043559322033898,20.4,0.42,260,2.2033898305084745,118,4.043559322033898,1,0,0.23701306
627.25,19.6015625,35.8,10.2,201,6.28125,32,19.6015625,1,0,0.3533875
505.18,12.953333333333333,30.0,2.88,1076,27.58974358974359,39,12.953333333333333,0,0,0.16285388
194.29000000000002,17.662727272727274,35.400000000000006,7.800000000000001,179,16.272727272727273,11,17.662727272727274,1,0,0.33715713
1301.64,21.694000000000003,40.0,6.959999999999999,789,13.15,60,21.694000000000003,0,0,0.1295821
3477.14,19.425363128491618,39.84,4.68,1730,9.664804469273744,179,19.425363128491618,0,0,0.009844933
292.44,22.495384615384616,39.6,10.08,196,15.076923076923077,13,22.495384615384616,1,1,0.5521428
185.65,23.20625,35.7,15.0,77,9.625,8,23.20625,1,1,0.5330577
135.5,12.318181818181818,25.200000000000003,8.5,122,11.090909090909092,11,12.318181818181818,1,0,0.45928413
5032.0,16.39087947882736,41.6,5.04,4015,13.078175895765472,307,16.39087947882736,0,0,0.0022700345
442.38,15.25448275862069,39.0,5.04,375,12.931034482758621,29,15.25448275862069,0,0,0.3820694
981.51,5.877305389221557,17.9,0.42,636,3.808383233532934,167,5.877305389221557,0,0,0.04645496
385.6,16.066666666666666,29.700000000000003,5.04,188,7.833333333333333,24,16.066666666666666,0,0,0.42077228
175.75,19.52777777777778,25.200000000000003,15.0,75,8.333333333333334,9,19.52777777777778,0,0,0.47315818
1082.33,5.034093023255814,34.0,0.39,488,2.269767441860465,215,5.034093023255814,0,0,0.14054619
271.87,16.991875,20.4,6.72,153,9.5625,16,16.991875,1,0,0.48953813
3076.53,15.306119402985075,33.0,4.5600000000000005,4101,20.402985074626866,201,15.306119402985075,0,0,0.0036212364
150.73000000000002,25.12166666666667,40.68,12.6,73,12.166666666666666,6,25.12166666666667,0,1,0.61180323
131.88,18.84,30.0,9.96,88,12.571428571428571,7,18.84,1,0,0.2825545
1819.3400000000001,19.562795698924734,39.84,5.04,1358,14.602150537634408,93,19.562795698924734,0,0,0.20113876
913.83,22.845750000000002,41.25,10.2,401,10.025,40,22.845750000000002,0,0,0.277653
312.54,26.045,41.7,14.04,172,14.333333333333334,12,26.045,0,1,0.5678678
1196.5,4.303956834532374,21.0,0.29,923,3.320143884892086,278,4.303956834532374,0,0,0.02409542
200.64000000000001,11.802352941176471,30.0,2.88,264,15.529411764705882,17,11.802352941176471,1,0,0.42445055
15.0,15.0,15.0,15.0,4,4.0,1,15.0,1,0,0.48037973
249.7,6.936111111111111,19.8,0.42,104,2.888888888888889,36,6.936111111111111,1,0,0.45633602
263.36,13.861052631578948,20.8,6.959999999999999,190,10.0,19,13.861052631578948,1,0,0.31310454
1245.56,13.839555555555554,35.400000000000006,5.04,1377,15.3,90,13.839555555555554,1,0,0.13750885
3437.44,21.218765432098767,41.5,2.88,3044,18.790123456790123,162,21.218765432098767,0,0,0.005638769
534.31,3.789432624113475,30.0,0.29,486,3.4468085106382977,141,3.789432624113475,1,0,0.13702913
417.95,17.414583333333333,31.8,14.85,109,4.541666666666667,24,17.414583333333333,1,1,0.54653406
1500.8600000000001,19.241794871794873,39.900000000000006,6.959999999999999,775,9.935897435897436,78,19.241794871794873,0,0,0.18786032
596.26,6.699550561797753,22.5,0.85,276,3.101123595505618,89,6.699550561797753,0,0,0.2844839
179.34,25.62,39.6,9.36,203,29.0,7,25.62,0,0,0.16548364
153.12,12.76,23.9,8.4,162,13.5,12,12.76,0,0,0.32152566
2992.62,17.298381502890173,35.400000000000006,5.04,1590,9.190751445086706,173,17.298381502890173,0,0,0.021727268
266.85,3.9242647058823534,15.12,0.39,195,2.8676470588235294,68,3.9242647058823534,0,0,0.1782914
1458.28,18.459240506329113,41.6,5.04,710,8.987341772151899,79,18.459240506329113,1,0,0.087342456
482.2,6.791549295774648,37.5,0.21,366,5.154929577464789,71,6.791549295774648,0,0,0.35977134
885.41,18.446041666666666,32.7,9.36,707,14.729166666666666,48,18.446041666666666,0,0,0.16424842
2128.42,15.09517730496454,35.400000000000006,2.34,1369,9.709219858156029,141,15.09517730496454,0,0,0.07754545
6238.78,19.80565079365079,40.56,1.25,4014,12.742857142857142,315,19.80565079365079,0,0,0.00534036
452.89,18.870416666666667,39.8,9.9,127,5.291666666666667,24,18.870416666666667,0,1,0.59160703
307.4,19.2125,34.0,11.9,72,4.5,16,19.2125,1,1,0.6830873
974.12,9.7412,25.5,0.42,271,2.71,100,9.7412,0,0,0.09726359
119.3,19.883333333333333,39.8,14.85,18,3.0,6,19.883333333333333,1,1,0.8554092
1386.47,21.66359375,40.8,10.2,891,13.921875,64,21.66359375,0,0,0.22603728
819.96,9.110666666666667,37.44,0.42,697,7.7444444444444445,90,9.110666666666667,0,0,0.08910069
4017.81,15.818149606299212,39.8,4.5600000000000005,2711,10.673228346456693,254,15.818149606299212,0,0,0.004348014
121.74000000000001,4.508888888888889,9.95,1.45,38,1.4074074074074074,27,4.508888888888889,1,0,0.34610215
406.48,19.356190476190477,31.200000000000003,15.0,312,14.857142857142858,21,19.356190476190477,1,1,0.57345337
2375.1600000000003,18.70204724409449,40.5,0.84,819,6.448818897637795,127,18.70204724409449,0,0,0.29982895
417.69,18.160434782608696,40.56,9.9,189,8.217391304347826,23,18.160434782608696,1,1,0.53729594
7265.57,6.481329170383586,41.65,0.12,5639,5.030330062444246,1121,6.481329170383586,0,0,0.004863645
2971.94,18.121585365853658,40.8,4.5600000000000005,1358,8.28048780487805,164,18.121585365853658,0,0,0.062357202
1251.96,20.866,40.56,9.9,584,9.733333333333333,60,20.866,0,0,0.15176453
108.81,3.6270000000000002,10.2,0.78,141,4.7,30,3.6270000000000002,0,0,0.2723158
3243.55,9.456413994169097,41.6,0.29,1969,5.740524781341108,343,9.456413994169097,0,0,0.010456329
230.72,11.536,18.96,4.68,664,33.2,20,11.536,0,0,0.35725015
588.13,17.297941176470587,35.400000000000006,6.24,357,10.5,34,17.297941176470587,1,0,0.39181355
742.19,15.791276595744682,40.8,5.04,479,10.191489361702128,47,15.791276595744682,0,0,0.31413347
1072.35,18.81315789473684,35.400000000000006,5.04,798,14.0,57,18.81315789473684,0,0,0.14299585
190.70000000000002,5.018421052631579,29.85,0.65,73,1.9210526315789473,38,5.018421052631579,1,0,0.43595383
423.85,17.660416666666666,40.56,9.96,184,7.666666666666667,24,17.660416666666666,1,1,0.5139665
278.75,18.583333333333332,35.7,10.4,153,10.2,15,18.583333333333332,1,1,0.60264134
139.41,3.6686842105263158,11.9,0.24,57,1.5,38,3.6686842105263158,0,0,0.2390593
494.25,17.651785714285715,39.6,5.04,375,13.392857142857142,28,17.651785714285715,0,0,0.4241175
376.75,18.8375,39.6,12.75,195,9.75,20,18.8375,1,0,0.45027852
120.66,7.54125,19.8,0.95,98,6.125,16,7.54125,0,1,0.7352712
271.0,15.941176470588236,23.6,8.7,84,4.9411764705882355,17,15.941176470588236,1,0,0.4625139
3510.02,11.858175675675676,41.7,0.55,1707,5.766891891891892,296,11.858175675675676,0,0,0.01043577
168.32,15.30181818181818,20.16,9.96,140,12.727272727272727,11,15.30181818181818,1,0,0.42549232
2080.38,18.248947368421053,39.6,4.5600000000000005,1737,15.236842105263158,114,18.248947368421053,0,0,0.09634835
242.7,8.09,35.8,1.17,133,4.433333333333334,30,8.09,0,1,0.6461599
272.04,15.113333333333335,30.6,2.28,228,12.666666666666666,18,15.113333333333335,0,0,0.39702192
211.88,6.62125,19.95,1.25,102,3.1875,32,6.62125,0,1,0.6402828
41.989999999999995,13.996666666666664,14.95,13.52,17,5.666666666666667,3,13.996666666666664,0,1,0.78605384
7185.610000000001,17.91922693266833,41.6,4.5600000000000005,5073,12.650872817955113,401,17.91922693266833,0,0,0.0041444427
29316.84,19.755283018867924,41.7,4.5600000000000005,19455,13.109838274932615,1484,19.755283018867924,0,0,0.0039484007
324.8,14.121739130434783,20.4,6.6000000000000005,168,7.304347826086956,23,14.121739130434783,0,0,0.468379
60.7,20.233333333333334,34.0,9.0,26,8.666666666666666,3,20.233333333333334,1,1,0.6275505
932.97,16.66017857142857,39.8,3.61,605,10.803571428571429,56,16.66017857142857,1,0,0.113467954
2085.33,8.209960629921259,35.400000000000006,0.39,1015,3.9960629921259843,254,8.209960629921259,0,0,0.047774103
518.27,5.5135106382978725,39.9,0.29,234,2.4893617021276597,94,5.5135106382978725,0,0,0.36703724
530.2,22.09166666666667,41.6,15.0,270,11.25,24,22.09166666666667,0,0,0.23077025
374.7,7.2057692307692305,24.75,0.65,361,6.9423076923076925,52,7.2057692307692305,0,0,0.14225416
804.63,11.175416666666667,29.700000000000003,0.65,328,4.555555555555555,72,11.175416666666667,0,0,0.37733662
3083.65,10.143585526315789,35.7,0.42,1709,5.621710526315789,304,10.143585526315789,1,0,0.015156906
417.2,10.175609756097561,31.8,2.5,216,5.2682926829268295,41,10.175609756097561,1,0,0.37591857
40.92,20.46,25.92,15.0,84,42.0,2,20.46,1,1,0.6281057
688.25,16.786585365853657,25.5,7.800000000000001,293,7.146341463414634,41,16.786585365853657,1,0,0.23632026
457.83000000000004,5.386235294117648,25.5,0.39,167,1.964705882352941,85,5.386235294117648,0,0,0.13113065
366.85,8.947560975609756,25.200000000000003,1.65,133,3.2439024390243905,41,8.947560975609756,0,0,0.4202478
348.79999999999995,7.75111111111111,18.72,3.4799999999999995,748,16.622222222222224,45,7.75111111111111,0,0,0.38344032
123.85000000000001,17.692857142857143,25.200000000000003,15.0,55,7.857142857142857,7,17.692857142857143,1,0,0.30151126
45.300000000000004,15.100000000000001,17.700000000000003,9.9,14,4.666666666666667,3,15.100000000000001,0,1,0.8204049
45.599999999999994,11.399999999999999,15.0,10.2,48,12.0,4,11.399999999999999,0,1,0.6743286
244.35000000000002,20.3625,35.400000000000006,10.5,112,9.333333333333334,12,20.3625,1,1,0.5768891
2365.81,19.39188524590164,41.7,9.36,1284,10.524590163934427,122,19.39188524590164,0,0,0.07554211
295.93,13.451363636363636,22.5,4.68,178,8.090909090909092,22,13.451363636363636,0,0,0.33127314
218.45000000000002,19.85909090909091,36.0,14.85,61,5.545454545454546,11,19.85909090909091,1,1,0.619085
2034.01,17.384700854700856,41.6,0.95,971,8.2991452991453,117,17.384700854700856,0,0,0.06787327
344.54,14.355833333333335,19.8,5.04,215,8.958333333333334,24,14.355833333333335,1,1,0.50211936
574.9,21.29259259259259,40.32,4.68,652,24.14814814814815,27,21.29259259259259,1,0,0.17863189
1552.33,18.26270588235294,39.6,6.72,723,8.505882352941176,85,18.26270588235294,0,0,0.19773619
202.68,3.619285714285714,25.0,0.55,146,2.607142857142857,56,3.619285714285714,0,0,0.38170177
6353.54,19.670402476780186,40.5,2.88,6864,21.25077399380805,323,19.670402476780186,0,0,0.0036987225
466.7,19.445833333333333,33.0,13.2,204,8.5,24,19.445833333333333,0,0,0.38079238
1456.79,13.614859813084111,40.5,2.52,1544,14.429906542056075,107,13.614859813084111,0,0,0.22251081
3996.54,19.400679611650485,40.8,5.04,2058,9.990291262135923,206,19.400679611650485,0,0,0.010967473
4423.14,17.41393700787402,41.6,1.95,2790,10.984251968503937,254,17.41393700787402,0,0,0.0043665203
521.15,16.811290322580643,30.6,6.64,350,11.290322580645162,31,16.811290322580643,0,0,0.3440386
1782.3400000000001,21.47397590361446,39.6,9.36,1074,12.939759036144578,83,21.47397590361446,0,0,0.104783185
108.98,18.163333333333334,39.6,4.68,50,8.333333333333334,6,18.163333333333334,0,1,0.65226984
173.74,14.478333333333333,29.700000000000003,6.64,150,12.5,12,14.478333333333333,0,0,0.41632545
16.8,8.4,8.4,8.4,40,20.0,2,8.4,1,1,0.5603277
708.93,21.48272727272727,40.8,3.75,663,20.09090909090909,33,21.48272727272727,0,0,0.10105548
243.5,18.73076923076923,30.6,5.04,126,9.692307692307692,13,18.73076923076923,0,0,0.46375176
114.56,14.32,19.8,6.8,96,12.0,8,14.32,1,1,0.61670077
3150.44,17.029405405405406,41.6,2.88,1911,10.32972972972973,185,17.029405405405406,0,0,0.027840003
6316.16,19.08205438066465,40.8,1.25,4175,12.613293051359516,331,19.08205438066465,0,0,0.004662741
749.94,13.391785714285716,25.200000000000003,5.04,840,15.0,56,13.391785714285716,0,0,0.16212341
292.01,3.5181927710843373,19.0,0.42,256,3.0843373493975905,83,3.5181927710843373,1,1,0.5433231
417.42,7.074915254237289,37.8,0.83,213,3.610169491525424,59,7.074915254237289,1,0,0.19552712
12841.630000000001,19.398232628398794,41.6,6.8,7894,11.924471299093655,662,19.398232628398794,0,0,0.0020255058
539.73,24.53318181818182,41.5,8.850000000000001,146,6.636363636363637,22,24.53318181818182,1,0,0.14258392
386.69,4.715731707317073,34.68,0.39,228,2.7804878048780486,82,4.715731707317073,0,0,0.24123548
160.48,14.589090909090908,23.25,1.65,96,8.727272727272727,11,14.589090909090908,1,1,0.5324696
19.8,6.6000000000000005,6.6000000000000005,6.6000000000000005,36,12.0,3,6.6000000000000005,1,1,0.5757535
1071.49,15.528840579710145,35.400000000000006,3.78,927,13.434782608695652,69,15.528840579710145,0,0,0.07178977
327.6,6.825,25.0,0.85,117,2.4375,48,6.825,0,0,0.40215933
497.56,18.42814814814815,35.400000000000006,9.96,229,8.481481481481481,27,18.42814814814815,0,0,0.42393553
2567.06,14.668914285714285,39.8,4.5600000000000005,1788,10.217142857142857,175,14.668914285714285,0,0,0.071679465
1666.89,4.990688622754491,35.400000000000006,0.16,837,2.5059880239520957,334,4.990688622754491,0,0,0.017275574
660.07,8.685131578947368,39.6,0.83,316,4.157894736842105,76,8.685131578947368,0,0,0.3231515
683.17,16.662682926829266,40.8,5.04,607,14.804878048780488,41,16.662682926829266,1,0,0.18383314
120.44,5.0183333333333335,17.0,0.39,53,2.2083333333333335,24,5.0183333333333335,1,1,0.60199124
152.94,15.294,39.8,4.5600000000000005,156,15.6,10,15.294,0,0,0.33960116
151.05,15.105,20.0,10.2,87,8.7,10,15.105,0,1,0.6271284
1203.42,11.571346153846154,39.8,0.19,657,6.3173076923076925,104,11.571346153846154,1,0,0.09466384
340.32000000000005,24.308571428571433,40.5,15.0,216,15.428571428571429,14,24.308571428571433,0,1,0.5690127
170.75,6.83,26.4,0.55,134,5.36,25,6.83,1,0,0.47474363
20.4,20.4,20.4,20.4,24,24.0,1,20.4,1,0,0.41569096
610.59,16.068157894736842,23.4,10.2,278,7.315789473684211,38,16.068157894736842,1,0,0.28822497
15.0,15.0,15.0,15.0,12,12.0,1,15.0,1,0,0.24624065
492.22,18.23037037037037,39.6,7.439999999999999,349,12.925925925925926,27,18.23037037037037,0,0,0.3430923
145.16,16.128888888888888,33.0,5.04,136,15.11111111111111,9,16.128888888888888,0,0,0.4294499
131.45000000000002,21.908333333333335,31.8,4.25,17,2.8333333333333335,6,21.908333333333335,1,1,0.6451965
2030.0900000000001,17.965398230088496,41.6,6.64,942,8.336283185840708,113,17.965398230088496,0,0,0.07746337
128.63,2.6251020408163264,8.5,0.19,61,1.2448979591836735,49,2.6251020408163264,0,0,0.34079543
158.68,15.868,19.9,10.08,100,10.0,10,15.868,1,1,0.6809619
568.24,4.54592,24.75,0.39,328,2.624,125,4.54592,0,0,0.11208607
7249.04,18.213668341708544,40.5,5.04,3897,9.791457286432161,398,18.213668341708544,0,0,0.0024643536
160.35,16.035,23.4,13.2,153,15.3,10,16.035,1,1,0.71796143
908.86,8.043008849557522,24.96,1.25,369,3.265486725663717,113,8.043008849557522,0,0,0.15594012
52.2,13.05,18.0,9.12,108,27.0,4,13.05,0,1,0.5375229
2898.2599999999998,6.693441108545034,39.8,0.36,2128,4.914549653579677,433,6.693441108545034,0,0,0.012026299
427.6,15.837037037037037,34.0,7.800000000000001,342,12.666666666666666,27,15.837037037037037,0,0,0.34020752
28.0,9.333333333333334,14.4,6.4,60,20.0,3,9.333333333333334,1,1,0.6005916
763.28,18.61658536585366,38.25,5.04,306,7.463414634146342,41,18.61658536585366,0,0,0.2792734
403.12,4.288510638297873,30.6,0.65,232,2.4680851063829787,94,4.288510638297873,0,0,0.36364594
241.12,24.112000000000002,40.56,8.5,176,17.6,10,24.112000000000002,1,0,0.42221814
32.400000000000006,10.800000000000002,17.55,6.6,18,6.0,3,10.800000000000002,0,1,0.82721657
623.16,18.328235294117647,38.25,9.96,142,4.176470588235294,34,18.328235294117647,1,0,0.45361432
369.2,18.46,40.5,8.5,184,9.2,20,18.46,1,1,0.51977587
2498.9900000000002,17.23441379310345,40.8,1.25,1586,10.937931034482759,145,17.23441379310345,0,0,0.19696116
3153.18,14.803661971830985,40.56,0.78,1822,8.553990610328638,213,14.803661971830985,0,0,0.027188849
320.69,15.27095238095238,19.75,5.04,173,8.238095238095237,21,15.27095238095238,1,0,0.48462272
83.2,10.4,25.5,4.95,23,2.875,8,10.4,1,1,0.7653639
392.75,23.102941176470587,39.6,14.85,85,5.0,17,23.102941176470587,0,1,0.5175036
2235.19,26.93,41.400000000000006,6.959999999999999,1200,14.457831325301205,83,26.93,0,0,0.042125423
115.8,16.54285714285714,19.8,15.0,30,4.285714285714286,7,16.54285714285714,1,1,0.71789646
988.47,17.65125,40.8,11.6,415,7.410714285714286,56,17.65125,1,0,0.42217776
30.0,30.0,30.0,30.0,24,24.0,1,30.0,0,0,0.2800077
319.5,39.9375,41.25,36.0,34,4.25,8,39.9375,1,0,0.42555118
357.72,21.04235294117647,38.25,13.919999999999998,124,7.294117647058823,17,21.04235294117647,0,0,0.47484496
452.8,18.112000000000002,35.400000000000006,7.439999999999999,369,14.76,25,18.112000000000002,0,0,0.30908987
791.33,12.174307692307693,41.76,0.42,785,12.076923076923077,65,12.174307692307693,0,0,0.11567514
316.25,17.569444444444443,25.0,10.2,117,6.5,18,17.569444444444443,1,1,0.6135509
1055.12,16.48625,40.8,4.68,814,12.71875,64,16.48625,0,0,0.052854896
35.400000000000006,35.400000000000006,35.400000000000006,35.400000000000006,12,12.0,1,35.400000000000006,1,1,0.7988797
841.2,17.525000000000002,34.8,4.0,772,16.083333333333332,48,17.525000000000002,0,0,0.06473088
150.35,5.011666666666667,15.0,0.38,104,3.466666666666667,30,5.011666666666667,1,0,0.08284687
63.0,12.6,17.4,10.2,60,12.0,5,12.6,1,1,0.76995677
2911.38,16.54193181818182,40.8,1.25,1973,11.210227272727273,176,16.54193181818182,0,0,0.047211614
377.44,15.0976,39.95,5.04,238,9.52,25,15.0976,0,0,0.34549662
388.45000000000005,22.85,35.7,14.75,103,6.0588235294117645,17,22.85,1,0,0.49890235
245.97,24.597,40.0,17.0,163,16.3,10,24.597,0,1,0.574092
124.32000000000001,20.720000000000002,30.0,13.919999999999998,120,20.0,6,20.720000000000002,1,0,0.3398494
724.58,22.643125,39.6,12.6,656,20.5,32,22.643125,1,0,0.42245373
332.3,13.845833333333333,23.4,6.64,245,10.208333333333334,24,13.845833333333333,0,0,0.38985085
222.62,4.6379166666666665,17.700000000000003,0.42,62,1.2916666666666667,48,4.6379166666666665,0,0,0.42966107
385.64,6.536271186440678,25.5,1.68,153,2.593220338983051,59,6.536271186440678,1,0,0.42434913
404.3,16.172,25.5,10.2,200,8.0,25,16.172,1,0,0.44771707
566.58,15.312972972972974,30.0,10.08,332,8.972972972972974,37,15.312972972972974,0,0,0.46477845
342.45,17.1225,39.6,6.959999999999999,271,13.55,20,17.1225,0,0,0.44911388
567.1800000000001,10.907307692307693,35.7,1.95,236,4.538461538461538,52,10.907307692307693,0,0,0.38592166
208.75,20.875,38.25,10.2,116,11.6,10,20.875,0,0,0.48477206
204.5,12.78125,25.5,7.800000000000001,175,10.9375,16,12.78125,1,0,0.37219283
149.64,9.975999999999999,30.24,1.45,175,11.666666666666666,15,9.975999999999999,1,1,0.5110343
830.98,15.678867924528301,39.95,4.5600000000000005,502,9.471698113207546,53,15.678867924528301,1,0,0.13688876
437.6,24.311111111111114,33.0,8.5,290,16.11111111111111,18,24.311111111111114,1,0,0.2642545
211.77,6.831290322580646,21.8,1.65,93,3.0,31,6.831290322580646,1,1,0.59882116
1960.19,16.898189655172413,40.8,6.8,1253,10.801724137931034,116,16.898189655172413,0,0,0.12012985
1840.26,12.2684,39.95,0.42,996,6.64,150,12.2684,0,0,0.049088225
165.6,15.054545454545455,25.200000000000003,10.5,186,16.90909090909091,11,15.054545454545455,1,0,0.47511438
4600.53,18.112322834645667,39.8,2.88,2151,8.468503937007874,254,18.112322834645667,0,0,0.011353838
688.97,16.40404761904762,33.0,7.9,371,8.833333333333334,42,16.40404761904762,0,0,0.36295485
483.1,23.004761904761907,35.400000000000006,15.0,160,7.619047619047619,21,23.004761904761907,1,0,0.2888547
2436.21,15.2263125,31.8,6.959999999999999,1651,10.31875,160,15.2263125,0,0,0.08229315
1486.31,11.796111111111111,41.6,0.62,965,7.658730158730159,126,11.796111111111111,0,0,0.04990203
120.96,30.24,30.24,30.24,288,72.0,4,30.24,1,0,0.15013504
744.28,10.786666666666667,41.7,1.45,459,6.6521739130434785,69,10.786666666666667,0,0,0.30308935
340.3,9.452777777777778,31.8,0.85,94,2.611111111111111,36,9.452777777777778,1,0,0.4400321
1059.15,19.257272727272728,40.56,7.5,258,4.6909090909090905,55,19.257272727272728,0,0,0.445305
124.60000000000001,4.45,20.16,0.42,102,3.642857142857143,28,4.45,1,1,0.57519895
1869.45,13.951119402985075,33.0,2.88,1708,12.746268656716419,134,13.951119402985075,0,0,0.14460564
25.200000000000003,25.200000000000003,25.200000000000003,25.200000000000003,12,12.0,1,25.200000000000003,1,1,0.7295076
213.3,14.22,30.0,2.52,200,13.333333333333334,15,14.22,0,0,0.37915736
366.3,17.442857142857143,35.400000000000006,1.25,230,10.952380952380953,21,17.442857142857143,1,0,0.3969418
252.42000000000002,14.848235294117648,19.75,5.04,144,8.470588235294118,17,14.848235294117648,1,1,0.60326296
1252.75,15.85759493670886,30.0,6.8,737,9.329113924050633,79,15.85759493670886,0,0,0.3802632
157.92,4.268108108108108,15.9,0.84,75,2.027027027027027,37,4.268108108108108,1,1,0.68858904
558.3199999999999,13.293333333333331,30.0,4.5600000000000005,980,23.333333333333332,42,13.293333333333331,0,0,0.07217946
480.31,4.574380952380952,17.34,0.84,348,3.3142857142857145,105,4.574380952380952,0,0,0.24060653
913.47,14.053384615384616,39.6,1.1,472,7.2615384615384615,65,14.053384615384616,0,0,0.28850415
475.6,10.568888888888889,41.25,2.1,104,2.311111111111111,45,10.568888888888889,0,1,0.5347471
177.34,13.641538461538461,30.0,3.4799999999999995,246,18.923076923076923,13,13.641538461538461,1,0,0.43470472
1266.68,19.19212121212121,39.84,6.959999999999999,1054,15.969696969696969,66,19.19212121212121,0,0,0.17432353
6640.85,18.04578804347826,41.6,5.04,5175,14.0625,368,18.04578804347826,0,0,0.002193571
232.6,13.68235294117647,23.4,4.2,252,14.823529411764707,17,13.68235294117647,0,0,0.44482294
827.02,8.438979591836734,41.25,0.78,868,8.857142857142858,98,8.438979591836734,0,0,0.094166316
554.85,6.165,25.5,0.55,706,7.844444444444444,90,6.165,0,0,0.12265372
64.05000000000001,16.012500000000003,19.8,8.850000000000001,27,6.75,4,16.012500000000003,1,1,0.66829604
660.06,14.668,35.400000000000006,4.68,689,15.311111111111112,45,14.668,0,0,0.08862512
126.24000000000001,21.040000000000003,40.0,2.0,79,13.166666666666666,6,21.040000000000003,1,0,0.283941
609.4,6.847191011235955,40.8,0.55,321,3.606741573033708,89,6.847191011235955,1,0,0.31983605
2578.48,18.417714285714286,40.8,6.8,1418,10.128571428571428,140,18.417714285714286,0,0,0.14315154
118.98,3.718125,10.5,0.39,233,7.28125,32,3.718125,0,0,0.041074876
720.6800000000001,20.018888888888892,39.8,4.5600000000000005,382,10.61111111111111,36,20.018888888888892,0,0,0.25188306
8938.07,18.467086776859503,41.6,5.04,4402,9.09504132231405,484,18.467086776859503,0,0,0.0027505672
98.42,10.935555555555556,16.6,5.76,134,14.88888888888889,9,10.935555555555556,0,1,0.6039943
986.4,16.71864406779661,30.6,9.95,642,10.88135593220339,59,16.71864406779661,0,0,0.23942773
332.64,12.793846153846154,19.8,5.04,332,12.76923076923077,26,12.793846153846154,0,0,0.46154684
67.3,9.614285714285714,19.9,2.5,34,4.857142857142857,7,9.614285714285714,0,1,0.71704465
576.0,14.76923076923077,33.0,5.04,415,10.64102564102564,39,14.76923076923077,0,0,0.47444913
248.94,16.596,30.0,5.04,110,7.333333333333333,15,16.596,0,0,0.41804484
415.7,17.320833333333333,36.0,8.5,238,9.916666666666666,24,17.320833333333333,1,0,0.42908734
1258.08,5.517894736842105,42.0,0.29,820,3.5964912280701755,228,5.517894736842105,0,0,0.07500537
721.0,12.016666666666667,39.8,1.45,445,7.416666666666667,60,12.016666666666667,1,0,0.2985416
226.84,3.658709677419355,12.75,0.42,129,2.0806451612903225,62,3.658709677419355,1,0,0.35505778
1071.91,10.937857142857144,39.8,0.78,580,5.918367346938775,98,10.937857142857144,0,0,0.19600974
1529.0,6.647826086956521,29.95,0.19,912,3.965217391304348,230,6.647826086956521,0,0,0.029172134
5268.52,18.816142857142857,41.6,2.34,4668,16.67142857142857,280,18.816142857142857,0,0,0.0032905138
3782.4,16.51703056768559,41.6,2.88,3084,13.467248908296943,229,16.51703056768559,0,0,0.005140623
1916.8600000000001,10.829717514124294,40.56,0.39,682,3.853107344632768,177,10.829717514124294,1,0,0.05264588
674.82,4.089818181818182,19.9,0.42,254,1.5393939393939393,165,4.089818181818182,0,0,0.07335879
1826.77,19.433723404255318,39.6,5.04,1306,13.893617021276595,94,19.433723404255318,0,0,0.11249574
278.7,18.58,25.5,9.0,128,8.533333333333333,15,18.58,1,0,0.4131051
3017.28,3.1861457233368533,30.0,0.08,2885,3.0464625131995775,947,3.1861457233368533,0,0,0.012592033
281.42,21.64769230769231,40.8,9.36,344,26.46153846153846,13,21.64769230769231,0,0,0.29873124
816.32,17.368510638297874,39.8,3.3600000000000003,828,17.617021276595743,47,17.368510638297874,1,0,0.09843965
249.56,24.956,39.6,9.12,162,16.2,10,24.956,0,0,0.30036494
2364.25,16.7677304964539,35.400000000000006,1.45,1427,10.120567375886525,141,16.7677304964539,0,0,0.074794374
361.11,8.597857142857142,34.8,0.42,233,5.5476190476190474,42,8.597857142857142,1,0,0.2781681
438.7,17.548,30.0,9.9,166,6.64,25,17.548,1,0,0.41259807
239.39999999999998,34.199999999999996,41.76,20.52,1044,149.14285714285714,7,34.199999999999996,0,0,0.30421922
264.62,13.927368421052632,35.400000000000006,0.42,185,9.736842105263158,19,13.927368421052632,1,0,0.34475127
596.47,2.909609756097561,14.95,0.39,303,1.4780487804878049,205,2.909609756097561,0,0,0.06943237
217.17000000000002,16.705384615384617,24.9,6.72,108,8.307692307692308,13,16.705384615384617,0,0,0.43454412
928.14,20.17695652173913,40.8,9.36,816,17.73913043478261,46,20.17695652173913,0,0,0.17340483
389.44,16.226666666666667,27.0,5.04,208,8.666666666666666,24,16.226666666666667,1,0,0.4105928
263.2,11.963636363636363,30.0,1.65,127,5.7727272727272725,22,11.963636363636363,1,0,0.49855715
248.32,19.10153846153846,30.0,9.96,144,11.076923076923077,13,19.10153846153846,1,0,0.31362635
864.3,15.163157894736841,30.24,6.84,1054,18.49122807017544,57,15.163157894736841,0,0,0.36191002
158.10000000000002,17.56666666666667,35.400000000000006,9.9,82,9.11111111111111,9,17.56666666666667,0,1,0.6016382
117.85,14.73125,17.85,10.2,37,4.625,8,14.73125,1,1,0.88900644
2601.02,10.74801652892562,35.400000000000006,0.29,2039,8.425619834710744,242,10.74801652892562,0,0,0.019243823
108.5,15.5,30.0,0.95,49,7.0,7,15.5,1,1,0.62225133
635.41,16.292564102564103,35.400000000000006,9.96,321,8.23076923076923,39,16.292564102564103,0,0,0.25721365
382.40000000000003,20.126315789473686,35.7,9.96,172,9.052631578947368,19,20.126315789473686,0,0,0.22893892
444.59000000000003,19.330000000000002,39.8,5.1,211,9.173913043478262,23,19.330000000000002,0,0,0.37390274
2337.6,8.43898916967509,36.0,0.85,1353,4.884476534296029,277,8.43898916967509,0,0,0.14845066
403.3,9.37906976744186,34.8,0.42,292,6.790697674418604,43,9.37906976744186,1,0,0.22854151
214.14,30.59142857142857,39.84,21.0,284,40.57142857142857,7,30.59142857142857,0,0,0.14570333
1771.78,17.201747572815535,39.6,5.88,983,9.54368932038835,103,17.201747572815535,0,0,0.111095876
1077.39,10.359519230769232,35.400000000000006,1.1,562,5.403846153846154,104,10.359519230769232,1,0,0.20342435
193.39000000000001,17.580909090909092,25.200000000000003,8.95,330,30.0,11,17.580909090909092,0,0,0.3327684
2112.85,11.673204419889503,41.3,0.85,675,3.729281767955801,181,11.673204419889503,0,0,0.10793622
131.46,16.4325,25.5,10.08,98,12.25,8,16.4325,0,1,0.53440905
1432.25,17.25602409638554,39.8,4.2,776,9.349397590361447,83,17.25602409638554,0,0,0.08891838
144.3,24.05,30.0,17.700000000000003,82,13.666666666666666,6,24.05,1,0,0.47997403
869.77,6.125140845070423,39.6,0.65,497,3.5,142,6.125140845070423,0,0,0.16011265
2024.42,15.81578125,40.8,2.2,1340,10.46875,128,15.81578125,0,0,0.14641753
596.76,11.701176470588235,39.8,0.85,305,5.980392156862745,51,11.701176470588235,0,0,0.252183
328.58,7.641395348837209,26.0,1.25,175,4.069767441860465,43,7.641395348837209,0,0,0.400067
91.8,22.95,34.8,15.0,56,14.0,4,22.95,0,1,0.5553441
226.21,16.157857142857143,25.5,10.08,133,9.5,14,16.157857142857143,1,1,0.6122384
63.440000000000005,2.7582608695652175,6.75,0.42,36,1.565217391304348,23,2.7582608695652175,1,1,0.64692646
618.09,17.659714285714287,35.400000000000006,8.2,371,10.6,35,17.659714285714287,0,0,0.3331111
3334.13,8.39831234256927,39.8,0.29,1925,4.848866498740554,397,8.39831234256927,0,0,0.010975425
1240.11,18.509104477611938,39.6,7.800000000000001,493,7.358208955223881,67,18.509104477611938,0,0,0.3830476
512.36,9.149285714285714,39.6,0.38,253,4.517857142857143,56,9.149285714285714,0,0,0.30567124
391.98,16.3325,30.0,6.8,189,7.875,24,16.3325,0,0,0.4621906
1879.92,8.743813953488372,39.8,0.39,1885,8.767441860465116,215,8.743813953488372,0,0,0.023484321
719.81,7.126831683168317,20.85,0.42,358,3.5445544554455446,101,7.126831683168317,0,0,0.16617456
101.69999999999999,16.95,19.8,15.0,58,9.666666666666666,6,16.95,0,1,0.6387324
409.93,4.822705882352941,23.6,1.25,288,3.388235294117647,85,4.822705882352941,1,0,0.4362714
865.0600000000001,15.728363636363637,30.6,7.800000000000001,388,7.054545454545455,55,15.728363636363637,0,0,0.31869543
970.26,6.645616438356164,29.95,0.65,457,3.1301369863013697,146,6.645616438356164,0,0,0.14950678
480.5,16.016666666666666,35.7,6.8,232,7.733333333333333,30,16.016666666666666,0,0,0.4031548
50.400000000000006,16.8,17.700000000000003,15.0,24,8.0,3,16.8,1,1,0.75945246
369.91,16.08304347826087,38.25,9.96,199,8.652173913043478,23,16.08304347826087,0,0,0.32633555
2673.26,17.587236842105266,41.6,5.04,1479,9.730263157894736,152,17.587236842105266,0,0,0.04706745
226.07999999999998,18.84,40.8,6.959999999999999,360,30.0,12,18.84,0,0,0.28288236
151.3,12.608333333333334,19.8,6.959999999999999,177,14.75,12,12.608333333333334,0,0,0.29193887
2619.91,9.70337037037037,40.32,0.19,1767,6.544444444444444,270,9.70337037037037,0,0,0.025560824
1028.52,28.57,41.76,10.2,1188,33.0,36,28.57,0,0,0.10399785
189.8,15.816666666666668,22.5,9.9,80,6.666666666666667,12,15.816666666666668,1,1,0.5870965
392.78000000000003,19.639000000000003,39.6,4.5600000000000005,404,20.2,20,19.639000000000003,1,0,0.2730021
781.91,9.30845238095238,35.400000000000006,0.65,391,4.654761904761905,84,9.30845238095238,0,0,0.23488101
612.68,19.14625,39.6,9.96,310,9.6875,32,19.14625,0,0,0.18726711
326.96999999999997,17.20894736842105,33.9,6.720000000000001,111,5.842105263157895,19,17.20894736842105,1,0,0.49884894
326.75,8.83108108108108,24.96,1.7,231,6.243243243243243,37,8.83108108108108,0,0,0.2998594
641.94,16.46,27.04,9.9,292,7.487179487179487,39,16.46,0,0,0.23050138
411.40000000000003,10.034146341463416,39.84,0.78,397,9.682926829268293,41,10.034146341463416,1,0,0.22656904
396.97,15.268076923076924,33.0,2.5,359,13.807692307692308,26,15.268076923076924,0,0,0.4523617
342.83,7.618444444444444,25.200000000000003,1.1,305,6.777777777777778,45,7.618444444444444,1,0,0.37973318
906.49,20.602045454545454,39.6,9.96,755,17.15909090909091,44,20.602045454545454,1,0,0.13652477
303.12,18.945,39.6,8.7,147,9.1875,16,18.945,0,0,0.38350362
145.05,18.13125,30.0,12.5,39,4.875,8,18.13125,0,1,0.6619209
3000.38,9.86967105263158,39.6,0.42,2159,7.1019736842105265,304,9.86967105263158,0,0,0.015370233
225.60000000000002,20.50909090909091,35.400000000000006,9.9,94,8.545454545454545,11,20.50909090909091,1,0,0.42369983
1077.37,13.99181818181818,37.44,2.88,1669,21.675324675324674,77,13.99181818181818,0,0,0.08465591
228.99,16.356428571428573,22.5,8.2,91,6.5,14,16.356428571428573,0,0,0.48282182
214.26,3.8260714285714283,13.2,0.55,107,1.9107142857142858,56,3.8260714285714283,1,0,0.4481122
107.4,26.85,31.2,22.5,44,11.0,4,26.85,0,1,0.5984992
2081.06,16.386299212598423,40.8,2.28,1349,10.622047244094489,127,16.386299212598423,0,0,0.15115482
411.0,14.172413793103448,29.5,0.55,183,6.310344827586207,29,14.172413793103448,1,0,0.35777605
110.38,5.809473684210526,16.95,0.39,24,1.263157894736842,19,5.809473684210526,0,1,0.7158623
5291.33,15.517096774193549,40.8,4.68,3642,10.680351906158357,341,15.517096774193549,0,0,0.0026426292
239.49,8.870000000000001,40.56,0.85,161,5.962962962962963,27,8.870000000000001,1,1,0.5852321
744.48,20.68,39.8,7.800000000000001,431,11.972222222222221,36,20.68,0,0,0.4546325
91.72,18.344,37.44,8.5,184,36.8,5,18.344,0,0,0.27369508
690.0,8.518518518518519,39.6,0.85,176,2.1728395061728394,81,8.518518518518519,0,0,0.3671444
942.34,15.97186440677966,37.8,6.959999999999999,722,12.23728813559322,59,15.97186440677966,0,0,0.14284071
2166.13,18.673534482758622,41.6,8.5,973,8.387931034482758,116,18.673534482758622,0,0,0.037391864
1254.64,11.836226415094341,40.56,0.65,642,6.056603773584905,106,11.836226415094341,0,0,0.15514803
585.62,25.461739130434783,40.8,13.2,778,33.82608695652174,23,25.461739130434783,0,0,0.25353503
385.36,19.268,31.6,13.9,114,5.7,20,19.268,0,0,0.47408447
396.48,8.091428571428573,30.6,0.95,223,4.551020408163265,49,8.091428571428573,0,1,0.5119468
60.26,4.635384615384615,12.75,1.65,51,3.923076923076923,13,4.635384615384615,1,1,0.5531954
2625.1600000000003,18.75114285714286,41.400000000000006,0.83,1228,8.771428571428572,140,18.75114285714286,0,0,0.07221031
109.13000000000001,13.641250000000001,20.28,6.6000000000000005,77,9.625,8,13.641250000000001,1,1,0.7469653
906.02,18.875416666666666,41.6,6.8,596,12.416666666666666,48,18.875416666666666,0,0,0.21522231
192.32999999999998,5.342499999999999,25.5,0.21,156,4.333333333333333,36,5.342499999999999,0,0,0.18785198
457.72,16.34714285714286,25.5,6.64,199,7.107142857142857,28,16.34714285714286,0,0,0.3704406
35.8,35.8,35.8,35.8,4,4.0,1,35.8,1,1,0.8834427
1108.27,7.24359477124183,39.6,0.39,614,4.0130718954248366,153,7.24359477124183,1,0,0.050392445
1596.44,18.349885057471266,39.8,4.68,796,9.149425287356323,87,18.349885057471266,0,0,0.069156
116.00999999999999,12.889999999999999,30.0,2.1,103,11.444444444444445,9,12.889999999999999,1,1,0.587682
1240.85,25.3234693877551,41.7,4.32,503,10.26530612244898,49,25.3234693877551,0,0,0.039209608
836.33,18.18108695652174,40.8,5.04,419,9.108695652173912,46,18.18108695652174,0,0,0.36308673
105.9,21.18,34.8,15.0,37,7.4,5,21.18,0,1,0.6679615
182.99,9.631052631578948,35.400000000000006,1.65,76,4.0,19,9.631052631578948,1,1,0.560212
808.85,23.11,40.56,8.5,438,12.514285714285714,35,23.11,0,0,0.19728807
198.57,15.274615384615384,40.8,1.6800000000000002,261,20.076923076923077,13,15.274615384615384,1,0,0.4187705
138.98,8.68625,24.9,2.52,153,9.5625,16,8.68625,1,0,0.43618283
331.38,4.667323943661971,41.25,0.29,232,3.267605633802817,71,4.667323943661971,0,0,0.45689347
70.94,14.187999999999999,29.050000000000004,6.64,140,28.0,5,14.187999999999999,0,1,0.5037069
137.37,13.737,25.0,9.9,26,2.6,10,13.737,0,1,0.68877614
660.19,7.335444444444445,39.9,1.25,339,3.7666666666666666,90,7.335444444444445,0,0,0.4236331
98.09,4.670952380952381,15.0,0.85,93,4.428571428571429,21,4.670952380952381,1,0,0.44192827
287.05,13.66904761904762,21.75,6.63,212,10.095238095238095,21,13.66904761904762,0,0,0.42077643
87.5,14.583333333333334,18.6,10.2,36,6.0,6,14.583333333333334,1,1,0.8161466
613.34,4.349929078014185,38.25,0.21,370,2.624113475177305,141,4.349929078014185,0,0,0.21305588
1576.31,16.949569892473118,39.8,6.64,985,10.591397849462366,93,16.949569892473118,0,0,0.11512576
5870.08,19.83135135135135,41.6,1.95,2961,10.003378378378379,296,19.83135135135135,0,0,0.0045341616
1679.18,16.462549019607845,39.84,5.04,1568,15.372549019607844,102,16.462549019607845,0,0,0.11342507
869.76,17.3952,35.7,5.8,490,9.8,50,17.3952,1,0,0.26033017
300.02,15.001,35.400000000000006,7.539999999999999,302,15.1,20,15.001,0,0,0.2668388
3915.12,6.917173144876325,40.8,0.29,2542,4.491166077738516,566,6.917173144876325,0,0,0.0037674787
1213.73,7.932875816993464,25.5,0.39,508,3.320261437908497,153,7.932875816993464,1,0,0.055184767
236.09,7.3778125,15.6,1.25,243,7.59375,32,7.3778125,0,1,0.6748407
824.58,8.164158415841584,29.700000000000003,1.25,351,3.4752475247524752,101,8.164158415841584,0,0,0.14305075
708.22,17.273658536585366,31.6,9.96,313,7.634146341463414,41,17.273658536585366,0,0,0.2612049
117.74,13.08222222222222,39.8,0.85,36,4.0,9,13.08222222222222,1,1,0.76672345
1136.48,22.283921568627452,41.6,11.4,446,8.745098039215685,51,22.283921568627452,0,0,0.05472917
463.3,27.25294117647059,39.8,10.2,112,6.588235294117647,17,27.25294117647059,0,1,0.64455384
960.6800000000001,13.724,38.25,2.08,369,5.271428571428571,70,13.724,0,1,0.516811
621.09,6.4029896907216495,38.25,0.29,357,3.6804123711340204,97,6.4029896907216495,0,0,0.27740636
937.59,15.6265,22.5,9.9,527,8.783333333333333,60,15.6265,0,0,0.40424618
599.9,15.786842105263156,31.8,6.6000000000000005,280,7.368421052631579,38,15.786842105263156,0,0,0.35145873
1878.43,8.027478632478633,35.400000000000006,1.1,1018,4.35042735042735,234,8.027478632478633,0,0,0.13917406
524.9200000000001,13.459487179487182,35.400000000000006,2.28,624,16.0,39,13.459487179487182,1,0,0.18743427
62.43,4.162,8.67,0.78,27,1.8,15,4.162,0,0,0.4222404
570.91,18.416451612903224,35.400000000000006,5.04,321,10.35483870967742,31,18.416451612903224,0,0,0.4565119
210.96,30.13714285714286,40.68,12.72,84,12.0,7,30.13714285714286,0,0,0.3587507
119.93,5.451363636363637,15.0,0.42,49,2.227272727272727,22,5.451363636363637,1,1,0.71602035
209.82,19.074545454545454,30.0,10.2,221,20.09090909090909,11,19.074545454545454,1,1,0.515074
6072.96,17.501325648414987,40.56,0.85,2274,6.553314121037464,347,17.501325648414987,0,0,0.016518608
3435.36,9.900172910662825,39.8,0.39,1680,4.8414985590778095,347,9.900172910662825,0,0,0.017211568
2456.84,9.710830039525693,39.8,0.39,1571,6.209486166007905,253,9.710830039525693,0,0,0.05216408
7485.13,17.77940617577197,41.6,2.88,4162,9.885985748218527,421,17.77940617577197,0,0,0.003543436
1092.55,10.307075471698113,40.56,1.26,516,4.867924528301887,106,10.307075471698113,0,0,0.38100028
115.27,4.116785714285714,14.85,0.65,75,2.6785714285714284,28,4.116785714285714,1,1,0.5881549
5396.71,6.9545231958762885,39.6,0.42,2579,3.323453608247423,776,6.9545231958762885,0,0,0.002955863
591.3199999999999,15.16205128205128,36.0,6.959999999999999,350,8.974358974358974,39,15.16205128205128,1,0,0.35478806
177.31,16.11909090909091,40.0,9.96,96,8.727272727272727,11,16.11909090909091,0,0,0.49066633
161.64,23.09142857142857,39.6,15.0,156,22.285714285714285,7,23.09142857142857,0,0,0.39812604
383.76,17.44363636363636,25.5,9.96,234,10.636363636363637,22,17.44363636363636,0,0,0.33126646
127.84,7.5200000000000005,25.5,3.38,30,1.7647058823529411,17,7.5200000000000005,1,1,0.5539561
2211.18,24.034565217391304,41.6,6.8,1148,12.478260869565217,92,24.034565217391304,0,0,0.020997347
3508.61,20.761005917159764,41.6,6.64,1764,10.437869822485206,169,20.761005917159764,0,0,0.010595269
1025.21,16.535645161290322,29.9,4.68,651,10.5,62,16.535645161290322,0,0,0.07955329
4049.12,15.878901960784313,41.6,0.65,3715,14.568627450980392,255,15.878901960784313,0,0,0.0025232323
1891.02,20.333548387096773,40.8,5.04,1128,12.129032258064516,93,20.333548387096773,0,0,0.10029637
264.12,22.01,40.56,10.08,180,15.0,12,22.01,0,1,0.636706
961.28,20.452765957446807,41.6,8.5,660,14.042553191489361,47,20.452765957446807,0,0,0.14646359
138.24,27.648000000000003,31.2,17.4,104,20.8,5,27.648000000000003,0,1,0.53017807
160.18,16.018,25.200000000000003,11.7,75,7.5,10,16.018,0,1,0.6581201
5054.83,15.996297468354431,40.8,2.88,3755,11.882911392405063,316,15.996297468354431,0,0,0.004458959
657.3,5.921621621621621,30.24,0.39,537,4.837837837837838,111,5.921621621621621,0,0,0.05935319
703.47,16.749285714285715,29.700000000000003,9.95,196,4.666666666666667,42,16.749285714285715,0,0,0.25224057
723.5600000000001,19.555675675675676,39.84,7.9,463,12.513513513513514,37,19.555675675675676,0,0,0.27871504
256.95,25.695,33.0,15.0,105,10.5,10,25.695,0,0,0.40296653
30.0,15.0,15.0,15.0,8,4.0,2,15.0,0,1,0.56608635
8912.16,19.248725701943844,40.8,5.04,4120,8.898488120950324,463,19.248725701943844,0,0,0.00318794
640.84,17.32,39.6,3.0,204,5.513513513513513,37,17.32,0,0,0.25219038
179.1,7.164,21.9,0.95,86,3.44,25,7.164,1,1,0.5067335
3288.31,19.690479041916166,39.6,7.800000000000001,1937,11.598802395209582,167,19.690479041916166,0,0,0.038023826
832.39,17.341458333333332,34.8,10.2,517,10.770833333333334,48,17.341458333333332,0,0,0.25064537
1516.25,19.950657894736842,41.6,2.89,871,11.460526315789474,76,19.950657894736842,0,0,0.03769352
1674.23,13.723196721311476,37.8,0.39,1078,8.836065573770492,122,13.723196721311476,0,0,0.06579925
258.16,4.232131147540984,34.68,0.21,215,3.5245901639344264,61,4.232131147540984,0,0,0.3041189
614.53,17.558,29.700000000000003,9.96,343,9.8,35,17.558,0,0,0.22470173
296.45000000000005,37.056250000000006,41.400000000000006,22.5,87,10.875,8,37.056250000000006,0,0,0.28851348
392.5,6.541666666666667,34.0,1.25,276,4.6,60,6.541666666666667,0,0,0.4360638
372.21999999999997,18.610999999999997,34.68,8.5,242,12.1,20,18.610999999999997,0,0,0.3556978
927.61,18.18843137254902,39.6,8.5,430,8.431372549019608,51,18.18843137254902,0,0,0.30834594
110.46000000000001,15.780000000000001,39.6,7.800000000000001,90,12.857142857142858,7,15.780000000000001,0,1,0.5066919
234.88,2.525591397849462,15.12,0.19,298,3.204301075268817,93,2.525591397849462,0,0,0.31460857
2318.53,10.586894977168951,39.84,0.83,1723,7.867579908675799,219,10.586894977168951,0,0,0.036164384
129.49,12.949000000000002,22.5,5.04,47,4.7,10,12.949000000000002,1,1,0.705226
1010.62,20.624897959183674,39.6,12.6,690,14.081632653061224,49,20.624897959183674,1,0,0.21296138
184.8,26.400000000000002,39.6,15.0,172,24.571428571428573,7,26.400000000000002,1,0,0.38773006
301.03000000000003,15.843684210526318,19.9,9.9,125,6.578947368421052,19,15.843684210526318,1,1,0.6257667
122.8,24.56,40.0,15.0,104,20.8,5,24.56,1,1,0.5179082
164.68,5.489333333333334,28.75,0.55,84,2.8,30,5.489333333333334,0,0,0.4431337
1341.98,20.333030303030302,41.6,8.5,913,13.833333333333334,66,20.333030303030302,0,0,0.09019229
4395.4400000000005,19.710493273542603,40.56,9.9,2055,9.215246636771301,223,19.710493273542603,0,0,0.011441566
328.8,29.89090909090909,39.6,13.6,160,14.545454545454545,11,29.89090909090909,1,1,0.57451326
175.55,17.555,24.75,13.28,93,9.3,10,17.555,0,0,0.45392528
132.04,18.86285714285714,34.8,13.0,188,26.857142857142858,7,18.86285714285714,0,1,0.51895446
93.35,15.558333333333332,29.75,7.5,27,4.5,6,15.558333333333332,0,1,0.73534334
1237.8500000000001,16.956849315068496,35.7,5.04,799,10.945205479452055,73,16.956849315068496,0,0,0.24034914
7069.89,19.80361344537815,42.0,2.5,7006,19.62464985994398,357,19.80361344537815,0,0,0.003309167
140.34,14.034,30.0,10.08,160,16.0,10,14.034,0,1,0.54405314
201.19,7.738076923076923,31.32,0.39,291,11.192307692307692,26,7.738076923076923,1,0,0.1696257
311.90000000000003,19.493750000000002,39.6,13.0,74,4.625,16,19.493750000000002,0,1,0.7162095
696.37,4.463910256410257,17.700000000000003,0.29,566,3.628205128205128,156,4.463910256410257,0,0,0.06913826
1708.58,18.571521739130436,41.6,9.36,830,9.021739130434783,92,18.571521739130436,0,0,0.033851553
25.200000000000003,25.200000000000003,25.200000000000003,25.200000000000003,12,12.0,1,25.200000000000003,1,1,0.7295076
806.45,19.669512195121953,41.6,6.959999999999999,435,10.609756097560975,41,19.669512195121953,0,0,0.22128798
910.13,11.975394736842105,29.85,0.39,517,6.802631578947368,76,11.975394736842105,0,0,0.12853494
74.75,18.6875,34.8,9.95,49,12.25,4,18.6875,1,0,0.44202918
740.78,16.83590909090909,32.7,6.6000000000000005,522,11.863636363636363,44,16.83590909090909,0,0,0.34783924
773.55,6.340573770491803,23.6,0.42,325,2.6639344262295084,122,6.340573770491803,1,0,0.16877446
344.33,8.828974358974358,17.0,1.56,166,4.256410256410256,39,8.828974358974358,0,1,0.56706196
237.07,4.087413793103448,19.9,0.58,132,2.2758620689655173,58,4.087413793103448,1,1,0.58771145
169.54999999999998,15.413636363636362,21.95,10.08,87,7.909090909090909,11,15.413636363636362,0,1,0.64006525
2179.06,20.36504672897196,39.6,7.800000000000001,710,6.635514018691588,107,20.36504672897196,0,0,0.1792169
797.96,15.646274509803922,30.0,5.04,429,8.411764705882353,51,15.646274509803922,0,0,0.31396717
702.3,16.332558139534882,34.8,4.68,394,9.162790697674419,43,16.332558139534882,0,0,0.13618794
1217.45,19.324603174603176,40.56,7.56,662,10.507936507936508,63,19.324603174603176,0,0,0.179038
213.55,11.863888888888889,34.65,2.1,72,4.0,18,11.863888888888889,1,0,0.47004947
1976.95,15.444921875,34.0,1.9,1606,12.546875,128,15.444921875,0,0,0.13733508
337.34,19.843529411764706,39.6,12.6,274,16.11764705882353,17,19.843529411764706,0,1,0.5727563
1804.56,16.55559633027523,41.6,5.04,1142,10.477064220183486,109,16.55559633027523,0,0,0.096364565
809.22,14.450357142857143,38.25,2.5,406,7.25,56,14.450357142857143,0,0,0.29661277
4427.16,17.29359375,39.6,2.88,2142,8.3671875,256,17.29359375,0,0,0.008077908
127.4,15.925,29.9,7.800000000000001,64,8.0,8,15.925,0,1,0.56643194
1980.57,8.500300429184549,39.6,0.24,956,4.103004291845494,233,8.500300429184549,0,0,0.065006815
395.73,16.48875,37.44,3.04,539,22.458333333333332,24,16.48875,0,0,0.100686885
932.34,16.951636363636364,36.0,5.04,727,13.218181818181819,55,16.951636363636364,0,0,0.19522218
351.73,3.168738738738739,16.95,0.21,379,3.4144144144144146,111,3.168738738738739,0,0,0.41126248
251.21,16.747333333333334,30.0,9.95,143,9.533333333333333,15,16.747333333333334,1,0,0.45694882
775.96,9.022790697674418,35.7,0.42,214,2.488372093023256,86,9.022790697674418,0,0,0.35856053
330.11,15.005,35.400000000000006,6.959999999999999,197,8.954545454545455,22,15.005,1,0,0.33005574
286.36,23.863333333333333,39.6,12.6,182,15.166666666666666,12,23.863333333333333,1,1,0.6280316
12329.42,21.00412265758092,41.6,4.68,5582,9.509369676320272,587,21.00412265758092,0,0,0.0018601029
311.71,10.748620689655171,27.04,5.04,386,13.310344827586206,29,10.748620689655171,1,0,0.3284845
743.11,9.062317073170732,30.6,0.29,994,12.121951219512194,82,9.062317073170732,0,0,0.06296408
641.22,6.749684210526316,41.6,0.21,353,3.7157894736842105,95,6.749684210526316,0,0,0.17490055
240.68,17.19142857142857,24.96,6.959999999999999,160,11.428571428571429,14,17.19142857142857,0,0,0.39231002
1295.3,13.492708333333333,40.8,3.75,1116,11.625,96,13.492708333333333,0,0,0.13607083
229.76999999999998,7.659,23.4,0.78,196,6.533333333333333,30,7.659,0,0,0.44558024
63.45,21.150000000000002,29.700000000000003,12.75,17,5.666666666666667,3,21.150000000000002,0,1,0.78948516
112.55000000000001,8.039285714285715,25.5,1.5,48,3.4285714285714284,14,8.039285714285715,1,1,0.75461066
89.14,12.734285714285715,18.0,8.5,107,15.285714285714286,7,12.734285714285715,1,0,0.4307581
656.4,18.233333333333334,35.400000000000006,7.800000000000001,277,7.694444444444445,36,18.233333333333334,0,0,0.32233068
1607.0600000000002,15.0192523364486,31.6,3.12,928,8.672897196261681,107,15.0192523364486,1,0,0.086000435
1244.59,16.163506493506492,33.9,4.8,915,11.883116883116884,77,16.163506493506492,0,0,0.092599615
76.8,15.36,20.0,8.5,64,12.8,5,15.36,0,0,0.3979748
353.57,20.798235294117646,39.6,14.85,163,9.588235294117647,17,20.798235294117646,1,0,0.36338854
1021.5,15.246268656716419,29.700000000000003,7.9,628,9.373134328358208,67,15.246268656716419,0,0,0.39573255
540.82,21.632800000000003,40.56,6.959999999999999,318,12.72,25,21.632800000000003,0,0,0.37830168
1554.3500000000001,15.23872549019608,40.56,4.5600000000000005,1989,19.5,102,15.23872549019608,0,0,0.08796176
631.29,4.046730769230769,35.400000000000006,0.29,437,2.801282051282051,156,4.046730769230769,1,0,0.19961384
35.0,17.5,20.0,15.0,28,14.0,2,17.5,1,1,0.6075033
3729.68,17.42841121495327,40.8,4.68,2195,10.257009345794392,214,17.42841121495327,1,0,0.010345216
1766.79,18.214329896907216,41.6,5.04,1199,12.360824742268042,97,18.214329896907216,0,0,0.12757847
68.64,22.88,33.6,5.04,52,17.333333333333332,3,22.88,1,0,0.38723227
169.69,9.427222222222222,20.4,1.95,154,8.555555555555555,18,9.427222222222222,1,1,0.5226009
3522.52,16.38381395348837,39.6,2.88,2460,11.44186046511628,215,16.38381395348837,0,0,0.0045453003
109.82,18.30333333333333,30.0,15.0,98,16.333333333333332,6,18.30333333333333,1,1,0.50785494
603.8100000000001,16.7725,31.8,7.800000000000001,203,5.638888888888889,36,16.7725,0,0,0.37028074
1204.06,18.524,39.6,6.84,730,11.23076923076923,65,18.524,0,0,0.100150496
2598.93,8.961827586206896,38.25,0.42,1329,4.582758620689655,290,8.961827586206896,0,0,0.07317712
1120.88,16.01257142857143,33.0,6.24,689,9.842857142857143,70,16.01257142857143,0,0,0.31012452
2447.55,17.735869565217392,40.5,0.85,1437,10.41304347826087,138,17.735869565217392,0,0,0.11769196
1959.01,23.321547619047617,40.56,10.2,771,9.178571428571429,84,23.321547619047617,0,0,0.088343784
124.9,24.98,35.7,17.700000000000003,46,9.2,5,24.98,0,0,0.36227307
259.45,18.532142857142855,23.4,10.5,150,10.714285714285714,14,18.532142857142855,1,1,0.6431338
156.51,13.042499999999999,17.4,5.04,89,7.416666666666667,12,13.042499999999999,1,1,0.69300306
34.8,11.6,13.919999999999998,6.959999999999999,120,40.0,3,11.6,0,1,0.52260035
610.5600000000001,14.199069767441863,29.700000000000003,5.04,322,7.488372093023256,43,14.199069767441863,1,0,0.3500859
2224.64,15.13360544217687,39.6,1.7,922,6.272108843537415,147,15.13360544217687,0,0,0.23579948
133.5,16.6875,19.9,12.6,39,4.875,8,16.6875,1,1,0.7258344
127.73,6.722631578947369,12.5,0.5700000000000001,66,3.473684210526316,19,6.722631578947369,1,0,0.37333667
703.99,4.266606060606061,30.0,0.24,500,3.0303030303030303,165,4.266606060606061,0,0,0.06646293
1007.22,7.630454545454546,35.400000000000006,0.29,475,3.5984848484848486,132,7.630454545454546,0,0,0.08281933
45.9,22.95,36.0,9.9,4,2.0,2,22.95,0,1,0.7361607
389.56,17.707272727272727,35.400000000000006,9.96,160,7.2727272727272725,22,17.707272727272727,0,0,0.4461621
1800.35,21.180588235294117,39.8,6.959999999999999,1059,12.458823529411765,85,21.180588235294117,0,0,0.11109755
219.78,19.98,38.25,12.48,54,4.909090909090909,11,19.98,0,1,0.696428
178.22,9.38,29.7,1.9,166,8.736842105263158,19,9.38,1,0,0.39942414
989.45,3.989717741935484,27.04,0.39,780,3.1451612903225805,248,3.989717741935484,1,0,0.026267624
935.05,14.167424242424241,30.6,5.04,811,12.287878787878787,66,14.167424242424241,0,0,0.3013972
624.62,32.874736842105264,40.0,12.0,468,24.63157894736842,19,32.874736842105264,0,0,0.27385604
722.34,19.008947368421055,41.6,0.39,423,11.131578947368421,38,19.008947368421055,0,0,0.17592072
2182.4300000000003,16.918062015503878,30.6,1.95,955,7.403100775193798,129,16.918062015503878,0,0,0.13426755
177.15,25.307142857142857,35.400000000000006,14.85,69,9.857142857142858,7,25.307142857142857,1,1,0.5160658
1418.52,7.274461538461538,41.25,0.38,816,4.184615384615385,195,7.274461538461538,0,0,0.023751691
131.7,16.4625,19.9,11.6,66,8.25,8,16.4625,1,1,0.7083492
1991.3700000000001,10.057424242424243,40.56,0.39,1259,6.358585858585859,198,10.057424242424243,0,0,0.0629685
304.0,25.333333333333332,40.0,6.6000000000000005,78,6.5,12,25.333333333333332,0,1,0.6336294
1655.3500000000001,19.027011494252875,41.6,1.65,683,7.850574712643678,87,19.027011494252875,0,0,0.05687876
490.54,18.86692307692308,39.6,9.96,187,7.1923076923076925,26,18.86692307692308,0,0,0.2646982
3736.8,15.57,40.2,1.25,1637,6.820833333333334,240,15.57,0,0,0.04569565
184.64000000000001,16.785454545454545,20.28,6.959999999999999,116,10.545454545454545,11,16.785454545454545,1,0,0.40110046
1301.91,5.890995475113122,33.9,0.42,640,2.8959276018099547,221,5.890995475113122,0,0,0.036013164
3269.42,17.963846153846156,40.8,4.68,2536,13.934065934065934,182,17.963846153846156,0,0,0.0070237545
409.8,4.4543478260869565,19.9,0.39,138,1.5,92,4.4543478260869565,0,0,0.070684835
873.74,16.18037037037037,31.8,9.95,453,8.38888888888889,54,16.18037037037037,1,0,0.2658186
1290.7,16.982894736842105,30.0,6.64,757,9.960526315789474,76,16.982894736842105,0,0,0.22816613
3224.52,22.54909090909091,40.56,0.83,2414,16.88111888111888,143,22.54909090909091,0,0,0.026268134
135.75,12.340909090909092,19.8,1.55,145,13.181818181818182,11,12.340909090909092,1,1,0.50244826
4579.35,3.9006388415672917,22.1,0.12,4344,3.700170357751278,1174,3.9006388415672917,0,0,0.0044664987
183.02,5.08388888888889,16.4,1.1,179,4.972222222222222,36,5.08388888888889,0,1,0.62275636
535.08,11.890666666666668,30.0,0.95,458,10.177777777777777,45,11.890666666666668,0,0,0.31428614
830.52,17.67063829787234,34.0,10.08,442,9.404255319148936,47,17.67063829787234,1,0,0.2662371
565.52,13.793170731707317,39.0,0.85,339,8.268292682926829,41,13.793170731707317,0,0,0.19787715
1802.77,6.828674242424242,30.72,0.42,1133,4.291666666666667,264,6.828674242424242,1,0,0.032387253
732.79,9.275822784810126,41.25,0.65,453,5.734177215189874,79,9.275822784810126,0,0,0.3532485
1357.09,18.590273972602738,41.6,3.75,1545,21.164383561643834,73,18.590273972602738,1,0,0.07407821
1899.21,23.44703703703704,40.8,10.08,967,11.938271604938272,81,23.44703703703704,0,0,0.04870557
428.63,14.287666666666667,32.7,5.04,370,12.333333333333334,30,14.287666666666667,1,0,0.42526138
2035.95,18.508636363636363,40.8,6.64,1191,10.827272727272728,110,18.508636363636363,0,0,0.093729146
1945.31,17.684636363636365,39.6,1.95,1414,12.854545454545455,110,17.684636363636365,0,0,0.16130894
521.83,16.833225806451615,25.200000000000003,8.3,265,8.548387096774194,31,16.833225806451615,0,0,0.29362574
1594.06,15.782772277227723,39.6,5.04,1110,10.990099009900991,101,15.782772277227723,0,0,0.16573362
572.451,21.201888888888888,39.8,0.001,165,6.111111111111111,27,21.201888888888888,0,0,0.4545467
757.1800000000001,29.122307692307693,39.6,15.0,330,12.692307692307692,26,29.122307692307693,0,0,0.43186766
118.67,2.6970454545454547,16.95,0.21,79,1.7954545454545454,44,2.6970454545454547,1,1,0.70687926
2006.13,21.80576086956522,41.6,7.800000000000001,879,9.554347826086957,92,21.80576086956522,0,0,0.036322538
1092.85,13.010119047619046,39.6,0.65,850,10.119047619047619,84,13.010119047619046,0,0,0.13975705
3200.25,12.956477732793521,39.6,0.39,2107,8.530364372469636,247,12.956477732793521,0,0,0.017196184
1208.79,14.923333333333332,34.68,4.68,1037,12.802469135802468,81,14.923333333333332,0,0,0.04082309
384.18,7.6836,30.0,0.29,218,4.36,50,7.6836,0,0,0.34250054
1897.57,4.107294372294372,35.400000000000006,0.19,1078,2.3333333333333335,462,4.107294372294372,0,0,0.07720564
936.14,21.275909090909092,39.6,2.52,702,15.954545454545455,44,21.275909090909092,0,0,0.13473158
1915.3600000000001,15.829421487603307,35.400000000000006,5.04,1122,9.272727272727273,121,15.829421487603307,0,0,0.1377171
910.27,10.11411111111111,38.25,0.38,392,4.355555555555555,90,10.11411111111111,1,0,0.24145143
23935.48,5.526548141306858,41.76,0.06,19361,4.47033017778804,4331,5.526548141306858,0,0,0.009447921
678.25,16.54268292682927,33.2,6.64,331,8.073170731707316,41,16.54268292682927,1,0,0.32403433
1243.66,17.766571428571428,38.1,8.7,665,9.5,70,17.766571428571428,0,0,0.23079103
208.97,12.292352941176471,30.0,5.04,197,11.588235294117647,17,12.292352941176471,1,0,0.3536312
2021.89,18.215225225225225,41.6,4.5600000000000005,1250,11.26126126126126,111,18.215225225225225,0,0,0.061177257
1114.48,8.017841726618705,39.9,0.39,708,5.093525179856115,139,8.017841726618705,0,0,0.052832287
433.53000000000003,15.483214285714286,39.6,6.8,229,8.178571428571429,28,15.483214285714286,1,0,0.3943017
1435.16,11.860826446280992,40.32,1.7,977,8.074380165289256,121,11.860826446280992,0,0,0.19760424
26.0,26.0,26.0,26.0,40,40.0,1,26.0,0,1,0.7655931
1062.46,14.554246575342466,29.700000000000003,4.5600000000000005,873,11.95890410958904,73,14.554246575342466,0,0,0.11642961
389.28000000000003,19.464000000000002,35.400000000000006,10.2,162,8.1,20,19.464000000000002,0,0,0.40944138
86.17,14.361666666666666,24.96,5.76,127,21.166666666666668,6,14.361666666666666,0,0,0.32319045
372.93,16.214347826086957,39.6,1.9,377,16.391304347826086,23,16.214347826086957,0,0,0.47066396
566.36,16.657647058823528,30.24,6.959999999999999,506,14.882352941176471,34,16.657647058823528,0,0,0.34491622
545.9200000000001,22.74666666666667,33.2,13.919999999999998,348,14.5,24,22.74666666666667,1,1,0.52177244
605.58,6.881590909090909,23.4,1.25,359,4.079545454545454,88,6.881590909090909,1,0,0.41680494
42.0,42.0,42.0,42.0,100,100.0,1,42.0,1,0,0.25204518
895.5100000000001,19.900222222222226,39.6,9.96,451,10.022222222222222,45,19.900222222222226,0,0,0.17892303
99.14,8.261666666666667,25.200000000000003,0.39,40,3.3333333333333335,12,8.261666666666667,1,1,0.71602315
736.46,18.4115,30.0,5.04,408,10.2,40,18.4115,0,0,0.27951154
367.14,5.02931506849315,40.8,0.55,228,3.1232876712328768,73,5.02931506849315,1,1,0.5649451
13284.63,6.795207161125319,41.65,0.21,8245,4.217391304347826,1955,6.795207161125319,0,0,0.0040920866
2590.31,3.9546717557251907,34.0,0.29,1443,2.2030534351145037,655,3.9546717557251907,0,0,0.05024125
207.15,17.2625,38.25,5.8,93,7.75,12,17.2625,1,0,0.47887486
213.35000000000002,19.395454545454548,35.400000000000006,11.7,70,6.363636363636363,11,19.395454545454548,0,1,0.6460413
124.57,15.57125,19.9,12.5,33,4.125,8,15.57125,1,0,0.46325874
709.5,26.27777777777778,40.8,9.9,390,14.444444444444445,27,26.27777777777778,0,0,0.28201482
272.76,20.98153846153846,37.92,9.9,320,24.615384615384617,13,20.98153846153846,0,0,0.23078115
386.42,13.800714285714287,20.4,6.8,282,10.071428571428571,28,13.800714285714287,0,0,0.46293858
774.62,10.192368421052631,39.0,0.42,285,3.75,76,10.192368421052631,0,0,0.405337
1096.19,18.269833333333334,34.0,8.5,677,11.283333333333333,60,18.269833333333334,1,0,0.26446337
5022.2,16.685049833887042,41.6,0.85,2803,9.312292358803987,301,16.685049833887042,0,0,0.0035349287
575.63,9.43655737704918,39.6,0.78,295,4.836065573770492,61,9.43655737704918,0,0,0.26351455
696.81,9.290799999999999,34.68,1.26,482,6.426666666666667,75,9.290799999999999,0,0,0.4296296
192.72,16.06,20.0,4.0,194,16.166666666666668,12,16.06,0,0,0.3732875
6398.96,15.8390099009901,41.6,4.5600000000000005,4759,11.779702970297029,404,15.8390099009901,0,0,0.0030544638
1210.45,23.734313725490196,40.0,1.95,1731,33.94117647058823,51,23.734313725490196,0,0,0.0936542
2484.61,16.13383116883117,40.8,2.88,1931,12.53896103896104,154,16.13383116883117,0,0,0.06410935
6442.54,8.947972222222223,39.6,0.21,3047,4.231944444444444,720,8.947972222222223,0,0,0.0032960183
510.73,17.611379310344827,35.400000000000006,2.5,254,8.758620689655173,29,17.611379310344827,1,0,0.38812882
413.59000000000003,14.77107142857143,24.96,8.2,249,8.892857142857142,28,14.77107142857143,0,0,0.37873927
762.39,19.05975,39.6,6.959999999999999,397,9.925,40,19.05975,0,0,0.266052
480.38,3.639242424242424,37.5,0.12,286,2.1666666666666665,132,3.639242424242424,0,0,0.30974275
20.4,4.08,7.95,1.65,7,1.4,5,4.08,1,0,0.4102849
178.7,19.855555555555554,30.0,8.25,70,7.777777777777778,9,19.855555555555554,1,1,0.5338254
770.33,13.056440677966103,30.0,1.9,576,9.76271186440678,59,13.056440677966103,0,0,0.17160472
355.56,13.168888888888889,23.4,5.04,396,14.666666666666666,27,13.168888888888889,0,0,0.3711409
1957.8600000000001,15.662880000000001,33.9,5.04,1011,8.088,125,15.662880000000001,0,0,0.15331548
4732.46,16.432152777777777,40.68,6.36,1704,5.916666666666667,288,16.432152777777777,1,0,0.013933097
280.1,17.50625,26.0,10.5,143,8.9375,16,17.50625,1,1,0.6395268
5028.11,16.167556270096462,41.6,3.4799999999999995,2547,8.189710610932476,311,16.167556270096462,0,0,0.003201246
3093.59,15.1646568627451,35.7,5.04,1830,8.970588235294118,204,15.1646568627451,0,0,0.01297929
154.55,4.985483870967743,17.4,0.42,170,5.483870967741935,31,4.985483870967743,1,0,0.48066765
428.93,7.798727272727273,26.55,0.42,449,8.163636363636364,55,7.798727272727273,0,0,0.08854302
3294.02,8.38173027989822,37.5,0.55,1859,4.730279898218829,393,8.38173027989822,0,0,0.008736308
145.0,24.166666666666668,37.8,8.25,90,15.0,6,24.166666666666668,1,0,0.28762946
764.11,20.10815789473684,39.8,6.64,243,6.394736842105263,38,20.10815789473684,1,0,0.35661188
1492.96,21.637101449275363,40.56,6.6000000000000005,836,12.115942028985508,69,21.637101449275363,0,0,0.20916352
153.0,15.3,17.700000000000003,15.0,92,9.2,10,15.3,1,1,0.7247232
193.44,16.12,25.5,10.2,78,6.5,12,16.12,0,1,0.6570659
405.31,16.887916666666666,30.0,4.68,217,9.041666666666666,24,16.887916666666666,1,0,0.4290627
1420.06,15.605054945054944,41.7,3.51,1217,13.373626373626374,91,15.605054945054944,0,0,0.055272195
238.25,12.539473684210526,36.0,4.5600000000000005,203,10.68421052631579,19,12.539473684210526,0,0,0.4619737
952.66,13.417746478873239,35.400000000000006,0.39,411,5.788732394366197,71,13.417746478873239,0,0,0.38559988
412.98,15.295555555555556,30.0,10.08,498,18.444444444444443,27,15.295555555555556,0,0,0.4647082
84.14,16.828,41.7,5.04,61,12.2,5,16.828,1,0,0.33627594
114.56,7.16,19.9,0.42,182,11.375,16,7.16,1,0,0.38067225
1678.36,22.37813333333333,40.8,9.36,1174,15.653333333333334,75,22.37813333333333,0,0,0.046847183
1228.88,4.6198496240601505,19.8,0.39,1013,3.808270676691729,266,4.6198496240601505,0,0,0.022522435
331.71999999999997,4.252820512820512,30.0,0.39,244,3.128205128205128,78,4.252820512820512,0,0,0.22568017
36.56,2.150588235294118,5.1,0.42,30,1.7647058823529411,17,2.150588235294118,0,1,0.55888647
586.86,26.675454545454546,40.68,11.1,214,9.727272727272727,22,26.675454545454546,0,0,0.49278888
15.0,15.0,15.0,15.0,1,1.0,1,15.0,1,0,0.43565306
815.6800000000001,15.993725490196079,41.6,5.04,582,11.411764705882353,51,15.993725490196079,0,0,0.29098177
232.21,7.740333333333334,22.5,1.25,130,4.333333333333333,30,7.740333333333334,1,1,0.66829693
492.65000000000003,16.98793103448276,31.8,9.95,197,6.793103448275862,29,16.98793103448276,1,0,0.42881393
178.39,7.432916666666666,15.95,0.84,55,2.2916666666666665,24,7.432916666666666,1,1,0.70767003
93.21000000000001,15.535000000000002,41.400000000000006,2.1,100,16.666666666666668,6,15.535000000000002,0,0,0.2642068
2338.86,12.374920634920636,39.6,0.79,1119,5.920634920634921,189,12.374920634920636,0,0,0.12291865
300.04,12.001600000000002,28.44,4.5600000000000005,496,19.84,25,12.001600000000002,1,0,0.16083917
1827.8,12.871830985915492,33.0,3.42,1753,12.345070422535212,142,12.871830985915492,0,0,0.20677215
381.2,15.883333333333333,30.6,3.75,173,7.208333333333333,24,15.883333333333333,0,0,0.31123063
4219.06,16.74230158730159,41.6,3.3600000000000003,3544,14.063492063492063,252,16.74230158730159,0,0,0.0039675543
289.36,11.5744,40.8,2.55,142,5.68,25,11.5744,1,1,0.6325034
142.4,5.933333333333334,27.25,0.85,37,1.5416666666666667,24,5.933333333333334,1,1,0.59136033
695.04,16.163720930232557,35.7,5.04,480,11.162790697674419,43,16.163720930232557,0,0,0.28780916
173.55,15.77727272727273,23.25,10.5,121,11.0,11,15.77727272727273,1,1,0.63070136
846.88,18.819555555555556,40.8,6.959999999999999,510,11.333333333333334,45,18.819555555555556,0,0,0.27495807
1421.69,16.34126436781609,40.8,2.88,1239,14.241379310344827,87,16.34126436781609,0,0,0.14315754
776.54,22.186857142857143,39.6,9.0,484,13.82857142857143,35,22.186857142857143,0,0,0.17651118
257.23,13.53842105263158,19.8,6.959999999999999,209,11.0,19,13.53842105263158,1,0,0.4600212
330.79,16.5395,39.9,7.800000000000001,189,9.45,20,16.5395,1,0,0.42337933
923.69,21.481162790697677,39.6,10.08,555,12.906976744186046,43,21.481162790697677,0,0,0.2144087
965.16,6.943597122302158,33.9,0.84,437,3.143884892086331,139,6.943597122302158,0,0,0.25339714
207.8,29.685714285714287,40.8,17.0,140,20.0,7,29.685714285714287,1,1,0.6022167
594.52,3.517869822485207,16.6,0.38,338,2.0,169,3.517869822485207,0,0,0.24194029
735.67,17.943170731707315,34.68,12.6,431,10.512195121951219,41,17.943170731707315,1,0,0.28729892
252.73000000000002,9.36037037037037,35.400000000000006,0.83,245,9.074074074074074,27,9.36037037037037,0,0,0.12509163
2467.35,17.134375,35.7,5.04,1501,10.42361111111111,144,17.134375,0,0,0.06514607
494.52,26.027368421052632,39.84,18.75,474,24.94736842105263,19,26.027368421052632,0,0,0.3660535
73.5,3.1956521739130435,7.95,0.85,23,1.0,23,3.1956521739130435,1,1,0.5132709
3614.61,19.751967213114757,41.6,6.6000000000000005,1661,9.076502732240437,183,19.751967213114757,0,0,0.017667117
6813.53,19.981026392961876,40.8,4.5600000000000005,4456,13.067448680351907,341,19.981026392961876,0,0,0.004575369
547.0,8.044117647058824,30.0,1.45,293,4.3088235294117645,68,8.044117647058824,0,1,0.6423998
23.6,23.6,23.6,23.6,8,8.0,1,23.6,1,0,0.44227403
6400.7,20.3843949044586,41.7,0.95,2948,9.388535031847134,314,20.3843949044586,0,0,0.003940935
1876.3,20.84777777777778,41.7,1.65,814,9.044444444444444,90,20.84777777777778,1,0,0.08714977
32.65,16.325,19.9,12.75,3,1.5,2,16.325,1,1,0.70428634
3966.33,19.732985074626864,39.6,8.2,1821,9.059701492537313,201,19.732985074626864,0,0,0.006826541
15.0,15.0,15.0,15.0,1,1.0,1,15.0,1,0,0.43565306
380.6,15.224,30.24,6.959999999999999,308,12.32,25,15.224,0,0,0.42260203
1991.01,17.313130434782607,39.8,6.6000000000000005,868,7.547826086956522,115,17.313130434782607,0,0,0.18185362
2160.7,16.749612403100773,40.8,7.800000000000001,1853,14.364341085271318,129,16.749612403100773,0,0,0.07278992
91.80000000000001,22.950000000000003,38.25,17.85,12,3.0,4,22.950000000000003,1,1,0.7487536
836.79,15.49611111111111,31.6,8.5,465,8.61111111111111,54,15.49611111111111,1,0,0.29343784
405.38,14.477857142857143,35.400000000000006,7.800000000000001,370,13.214285714285714,28,14.477857142857143,1,0,0.33806154
237.35999999999999,12.492631578947368,20.4,6.72,444,23.36842105263158,19,12.492631578947368,1,0,0.3056696
71.79,2.8716000000000004,8.5,0.55,25,1.0,25,2.8716000000000004,1,1,0.68698096
1413.22,15.52989010989011,34.0,5.04,1323,14.538461538461538,91,15.52989010989011,1,0,0.22923481
224.94,12.496666666666666,39.6,2.28,178,9.88888888888889,18,12.496666666666666,1,0,0.4188686
802.64,18.241818181818182,36.0,6.72,456,10.363636363636363,44,18.241818181818182,0,0,0.2702441
513.01,5.343854166666667,30.0,0.39,397,4.135416666666667,96,5.343854166666667,0,0,0.19658431
695.61,16.562142857142856,30.0,7.649999999999999,365,8.69047619047619,42,16.562142857142856,1,0,0.27460825
141.04,2.1369696969696967,9.95,0.42,70,1.0606060606060606,66,2.1369696969696967,1,0,0.40002832
315.16,26.263333333333335,39.6,11.9,148,12.333333333333334,12,26.263333333333335,0,1,0.514041
409.98,18.635454545454547,38.25,11.7,212,9.636363636363637,22,18.635454545454547,1,0,0.48019803
592.56,16.015135135135132,39.6,10.2,360,9.72972972972973,37,16.015135135135132,1,0,0.44767788
412.78000000000003,15.876153846153848,30.0,2.28,214,8.23076923076923,26,15.876153846153848,1,0,0.37452915
2718.03,5.446953907815631,35.400000000000006,0.29,1643,3.2925851703406814,499,5.446953907815631,0,0,0.018804638
5459.59,9.114507512520868,41.6,0.55,3394,5.666110183639399,599,9.114507512520868,0,0,0.003168826
351.0,29.25,41.6,19.5,170,14.166666666666666,12,29.25,0,0,0.32429618
290.70000000000005,36.337500000000006,41.400000000000006,20.4,142,17.75,8,36.337500000000006,0,0,0.28468138
417.26,10.69897435897436,35.400000000000006,1.26,338,8.666666666666666,39,10.69897435897436,0,0,0.40567142
616.3,11.205454545454545,34.68,0.39,391,7.109090909090909,55,11.205454545454545,0,0,0.15851901
674.68,16.45560975609756,30.0,6.959999999999999,403,9.829268292682928,41,16.45560975609756,0,0,0.30690768
138.9,17.3625,23.4,14.75,66,8.25,8,17.3625,1,1,0.62542725
165.85999999999999,20.732499999999998,40.8,1.25,183,22.875,8,20.732499999999998,1,0,0.24531513
383.85,13.708928571428572,30.0,0.95,117,4.178571428571429,28,13.708928571428572,1,1,0.51553756
214.89999999999998,21.49,40.0,10.2,53,5.3,10,21.49,0,1,0.8172012
922.39,16.77072727272727,30.6,5.04,585,10.636363636363637,55,16.77072727272727,1,0,0.2574697
2836.69,19.83699300699301,40.8,7.800000000000001,1747,12.216783216783217,143,19.83699300699301,0,0,0.11079662
668.12,17.582105263157896,37.5,6.959999999999999,353,9.289473684210526,38,17.582105263157896,0,0,0.30599985
971.24,17.34357142857143,40.56,8.5,466,8.321428571428571,56,17.34357142857143,1,0,0.35536516
294.24,9.491612903225807,29.75,0.39,129,4.161290322580645,31,9.491612903225807,1,0,0.19936414
415.8,16.632,27.04,6.72,252,10.08,25,16.632,0,0,0.39708832
433.42,14.447333333333335,41.7,5.04,240,8.0,30,14.447333333333335,1,1,0.54851526
3743.64,16.49180616740088,39.6,3.04,2936,12.933920704845814,227,16.49180616740088,0,0,0.0055461284
428.89,18.647391304347824,30.24,6.64,267,11.608695652173912,23,18.647391304347824,0,0,0.44576794
139.26,15.473333333333333,24.96,10.4,82,9.11111111111111,9,15.473333333333333,1,1,0.6587071
595.32,17.509411764705884,34.8,4.949999999999999,304,8.941176470588236,34,17.509411764705884,1,0,0.3895899
2385.07,18.346692307692308,39.6,6.6000000000000005,1349,10.376923076923077,130,18.346692307692308,0,0,0.15449949
207.36,5.057560975609756,15.8,0.85,82,2.0,41,5.057560975609756,1,1,0.70342094
870.2,31.07857142857143,39.6,15.0,476,17.0,28,31.07857142857143,1,0,0.31031227
1770.22,9.031734693877551,35.8,0.42,1175,5.994897959183674,196,9.031734693877551,0,0,0.029902056
944.7,19.279591836734696,33.0,4.5600000000000005,554,11.306122448979592,49,19.279591836734696,1,0,0.12325548
497.61,19.138846153846153,35.400000000000006,5.04,307,11.807692307692308,26,19.138846153846153,1,0,0.33918095
165.0,16.5,16.5,16.5,100,10.0,10,16.5,1,1,0.7023286
982.23,16.102131147540984,39.8,9.36,631,10.344262295081966,61,16.102131147540984,0,0,0.27391797
371.82,16.900909090909092,39.6,6.64,138,6.2727272727272725,22,16.900909090909092,0,1,0.509774
120.0,40.0,40.8,39.6,96,32.0,3,40.0,1,0,0.23638074
1355.19,14.416914893617022,40.8,3.3600000000000003,1139,12.117021276595745,94,14.416914893617022,1,0,0.12490578
797.62,12.085151515151516,41.6,2.88,1627,24.651515151515152,66,12.085151515151516,0,0,0.07492189
3420.53,17.908534031413613,41.6,5.04,1685,8.821989528795811,191,17.908534031413613,0,0,0.037100364
1457.31,17.34892857142857,40.0,4.5,792,9.428571428571429,84,17.34892857142857,0,0,0.101946436
415.22,14.31793103448276,41.6,0.84,347,11.96551724137931,29,14.31793103448276,1,0,0.19727077
778.5,14.68867924528302,30.0,6.64,744,14.037735849056604,53,14.68867924528302,0,0,0.25036386
364.5,17.357142857142858,31.8,5.8,84,4.0,21,17.357142857142858,0,0,0.47053915
2848.12,9.589629629629629,37.5,0.42,656,2.208754208754209,297,9.589629629629629,0,0,0.05951758
55.2,27.6,30.0,25.2,120,60.0,2,27.6,1,1,0.57851166
367.63,6.564821428571428,24.9,0.85,143,2.5535714285714284,56,6.564821428571428,1,0,0.3704357
2238.08,19.461565217391303,39.6,6.959999999999999,1700,14.782608695652174,115,19.461565217391303,0,0,0.09891754
128.5,16.0625,25.200000000000003,12.6,59,7.375,8,16.0625,1,1,0.63005346
235.17000000000002,8.398928571428572,29.700000000000003,1.25,172,6.142857142857143,28,8.398928571428572,0,1,0.5097111
459.24,13.916363636363636,19.92,6.959999999999999,368,11.151515151515152,33,13.916363636363636,0,1,0.566157
400.79,14.844074074074074,29.75,4.2,345,12.777777777777779,27,14.844074074074074,1,0,0.25960556
1000.16,16.396065573770493,35.400000000000006,6.959999999999999,570,9.344262295081966,61,16.396065573770493,1,0,0.19914585
181.09,3.416792452830189,12.75,0.39,64,1.2075471698113207,53,3.416792452830189,0,0,0.22508094
176.07,16.006363636363634,19.92,10.2,69,6.2727272727272725,11,16.006363636363634,0,1,0.7169217
305.1,16.950000000000003,39.0,6.8,191,10.61111111111111,18,16.950000000000003,1,0,0.44473016
222.08,18.506666666666668,39.6,7.800000000000001,116,9.666666666666666,12,18.506666666666668,0,0,0.4559719
162.3,16.23,19.8,11.9,62,6.2,10,16.23,1,1,0.73875934
32.3,16.15,17.0,15.3,8,4.0,2,16.15,1,1,0.63930297
473.02,13.91235294117647,39.6,2.88,462,13.588235294117647,34,13.91235294117647,1,0,0.17597936
622.88,15.572,40.8,5.04,711,17.775,40,15.572,1,0,0.16300482
1875.8600000000001,9.018557692307693,35.7,0.85,1086,5.221153846153846,208,9.018557692307693,0,0,0.0938306
363.98,16.544545454545457,37.5,10.08,262,11.909090909090908,22,16.544545454545457,1,1,0.5381012
830.45,17.301041666666666,35.95,6.959999999999999,547,11.395833333333334,48,17.301041666666666,1,0,0.23999311
173.45,3.469,14.95,0.42,55,1.1,50,3.469,0,0,0.49771968
1002.3100000000001,17.584385964912283,38.25,5.04,351,6.157894736842105,57,17.584385964912283,0,0,0.28432053
63.0,21.0,30.0,15.0,37,12.333333333333334,3,21.0,1,1,0.56451666
3848.36,15.643739837398375,40.8,2.28,2820,11.463414634146341,246,15.643739837398375,0,0,0.0052700383
1331.57,14.795222222222222,25.5,5.04,789,8.766666666666667,90,14.795222222222222,0,0,0.24360476
307.46,17.08111111111111,25.5,9.96,120,6.666666666666667,18,17.08111111111111,1,0,0.46397918
667.03,4.697394366197183,39.75,0.39,256,1.8028169014084507,142,4.697394366197183,1,0,0.1911541
148.8,24.8,39.6,11.4,104,17.333333333333332,6,24.8,1,1,0.65464735
1242.16,5.285787234042553,40.8,0.39,793,3.374468085106383,235,5.285787234042553,0,0,0.038805857
622.36,15.559000000000001,34.56,9.36,736,18.4,40,15.559000000000001,0,0,0.10948001
467.52,16.697142857142858,30.6,7.439999999999999,594,21.214285714285715,28,16.697142857142858,0,0,0.37205076
150.9,13.718181818181819,30.6,8.5,150,13.636363636363637,11,13.718181818181819,1,0,0.4295644
300.95,20.063333333333333,39.6,9.95,134,8.933333333333334,15,20.063333333333333,1,0,0.45866376
439.43,14.175161290322581,24.75,4.5600000000000005,326,10.516129032258064,31,14.175161290322581,0,0,0.35726497
216.17000000000002,19.651818181818182,30.6,10.2,75,6.818181818181818,11,19.651818181818182,0,1,0.6529318
2076.4,15.850381679389313,42.0,4.5600000000000005,3268,24.946564885496183,131,15.850381679389313,0,0,0.01966013
417.38,17.390833333333333,27.04,9.95,156,6.5,24,17.390833333333333,1,0,0.38691634
350.90000000000003,16.709523809523812,23.6,10.08,179,8.523809523809524,21,16.709523809523812,0,0,0.47539538
324.24,5.2296774193548385,24.75,0.39,396,6.387096774193548,62,5.2296774193548385,0,0,0.10228496
1512.4,8.175135135135136,37.5,0.85,745,4.027027027027027,185,8.175135135135136,1,0,0.103909045
189.5,18.95,29.700000000000003,13.2,82,8.2,10,18.95,1,1,0.5848409
157.7,12.13076923076923,24.75,0.39,146,11.23076923076923,13,12.13076923076923,0,0,0.3297978
404.95,18.40681818181818,25.5,15.0,125,5.681818181818182,22,18.40681818181818,1,1,0.5574703
391.5,26.1,39.6,13.2,206,13.733333333333333,15,26.1,1,1,0.604724
211.89,4.927674418604651,16.95,1.25,124,2.883720930232558,43,4.927674418604651,1,1,0.62441885
239.41,15.960666666666667,24.75,4.5600000000000005,145,9.666666666666666,15,15.960666666666667,0,0,0.38369468
3008.25,11.183085501858736,41.3,0.39,1157,4.301115241635688,269,11.183085501858736,0,0,0.033143744
1068.74,18.42655172413793,39.84,5.04,1112,19.17241379310345,58,18.42655172413793,0,0,0.33789054
465.68,17.91076923076923,31.6,9.96,305,11.73076923076923,26,17.91076923076923,1,0,0.36226118
144.6,16.066666666666666,19.8,15.0,100,11.11111111111111,9,16.066666666666666,1,1,0.6349397
193.0,11.352941176470589,30.0,3.3,110,6.470588235294118,17,11.352941176470589,1,0,0.44461632
1264.63,19.16106060606061,40.56,6.64,651,9.863636363636363,66,19.16106060606061,0,0,0.22432475
134.96,13.496,24.96,7.5,71,7.1,10,13.496,0,1,0.6271616
511.68,8.528,26.4,0.76,418,6.966666666666667,60,8.528,1,0,0.17115954
193.75,19.375,40.8,10.2,131,13.1,10,19.375,1,1,0.6950827
139.05,23.175,31.8,17.85,41,6.833333333333333,6,23.175,0,1,0.6202839
528.33,13.546923076923077,19.8,2.9,334,8.564102564102564,39,13.546923076923077,0,0,0.39316264
72.9,6.075,16.95,1.65,26,2.1666666666666665,12,6.075,1,1,0.63654363
699.81,5.261729323308271,30.0,0.38,329,2.473684210526316,133,5.261729323308271,0,0,0.25598502
152.95,6.117999999999999,16.4,0.21,180,7.2,25,6.117999999999999,0,0,0.2328874
486.45,18.709615384615383,41.400000000000006,5.04,287,11.038461538461538,26,18.709615384615383,0,0,0.42210478
546.6,17.63225806451613,41.5,6.6000000000000005,226,7.290322580645161,31,17.63225806451613,1,0,0.39738292
81.60000000000001,20.400000000000002,31.200000000000003,15.0,72,18.0,4,20.400000000000002,1,1,0.5139345
300.52,14.310476190476189,33.0,5.04,341,16.238095238095237,21,14.310476190476189,1,0,0.42570007
259.71,23.61,39.8,14.95,93,8.454545454545455,11,23.61,0,1,0.64273065
1052.34,25.66682926829268,40.8,12.5,801,19.536585365853657,41,25.66682926829268,1,0,0.1271535
781.03,14.736415094339621,31.6,4.5600000000000005,725,13.679245283018869,53,14.736415094339621,1,0,0.11705261
1097.98,7.083741935483871,28.9,0.21,639,4.122580645161291,155,7.083741935483871,0,0,0.029853798
606.26,18.37151515151515,39.6,10.2,492,14.909090909090908,33,18.37151515151515,1,0,0.29836115
3341.33,15.835687203791469,37.5,2.34,2213,10.488151658767773,211,15.835687203791469,0,0,0.01876028
3739.75,10.654558404558404,39.9,0.65,2593,7.387464387464387,351,10.654558404558404,0,0,0.0024557589
132.39000000000001,26.478,40.56,14.85,49,9.8,5,26.478,1,1,0.7725283
4595.85,17.47471482889734,39.6,7.800000000000001,1985,7.547528517110266,263,17.47471482889734,0,0,0.0056710723
808.44,4.254947368421053,25.200000000000003,0.42,496,2.610526315789474,190,4.254947368421053,0,0,0.048263345
285.67,5.2901851851851855,19.9,0.39,224,4.148148148148148,54,5.2901851851851855,0,0,0.22002733
633.11,18.620882352941177,35.7,9.9,367,10.794117647058824,34,18.620882352941177,0,0,0.2732425
621.68,18.284705882352938,39.6,4.0,526,15.470588235294118,34,18.284705882352938,0,0,0.13956344
35831.25,4.697332197168327,41.25,0.29,21722,2.8476664918720505,7628,4.697332197168327,0,0,0.0035028725
143.10000000000002,28.620000000000005,39.6,17.700000000000003,66,13.2,5,28.620000000000005,1,0,0.43278667
477.90999999999997,15.416451612903225,30.0,6.64,325,10.483870967741936,31,15.416451612903225,1,0,0.43033287
600.14,18.186060606060607,39.6,6.959999999999999,723,21.90909090909091,33,18.186060606060607,1,0,0.087952875
1977.62,5.868308605341246,40.56,0.39,841,2.4955489614243325,337,5.868308605341246,0,0,0.059852626
3795.82,19.769895833333333,39.6,4.5600000000000005,2818,14.677083333333334,192,19.769895833333333,0,0,0.003977913
392.6,20.663157894736845,40.8,6.64,212,11.157894736842104,19,20.663157894736845,0,0,0.43548125
