recency,frequency,monetary
1,168,3174.62
74,19,601.64
18,66,1145.35
309,17,334.4
35,80,1505.74
203,4,89.0
231,56,971.24
213,11,264.4
22,33,708.93
32,75,1567.07
1,9,142.66
57,225,4239.53
51,121,1915.36
286,10,189.9
2,254,4600.53
109,21,413.28000000000003
7,83,1203.3
290,21,320.69
3,11,168.9
50,147,2272.28
59,57,1237.26
71,44,836.9399999999999
310,14,364.6
24,31,570.91
10,16,395.1
314,70,1213.02
129,214,3729.68
81,38,731.04
21,94,1765.47
4,84,1457.31
184,91,1413.22
28,25,425.27000000000004
366,6,144.3
15,83,1782.3400000000001
79,31,504.84000000000003
21,93,439.66
71,58,1193.5
63,22,420.91999999999996
18,147,2488.53
35,122,2036.4
45,82,1311.76
118,56,944.4
302,5,84.3
322,11,225.6
49,2,45.9
148,44,906.49
21,82,1833.99
49,71,1292.68
32,82,1366.29
78,13,389.19
308,25,533.33
74,55,932.34
66,36,656.4
216,15,372.81
24,107,1614.37
2,180,3019.9
112,30,428.63
63,29,600.39
15,43,695.04
95,38,683.5600000000001
0,121,1683.39
162,16,273.52
77,32,536.4
194,29,510.73
21,25,471.15999999999997
25,265,4930.4800000000005
8,63,1220.66
42,10,208.6
59,214,4008.17
42,64,1055.12
0,323,6353.54
84,48,713.54
267,2,78.0
99,12,286.36
1,179,3610.2
13,85,1534.65
366,11,173.55
2,12,172.06
20,153,3030.71
21,3,77.4
57,57,1002.3100000000001
242,25,431.49
43,20,300.45
21,179,3152.69
155,7,131.88
10,310,6132.5
16,20,304.67
133,43,707.09
72,76,1487.7
43,113,1971.76
85,53,1169.6299999999999
70,33,631.7
154,30,436.08
18,60,937.59
52,83,1344.78
9,15,317.5
16,47,742.1899999999999
187,37,658.74
1,346,7221.9
31,316,5054.83
28,160,2569.0
16,413,6770.68
53,34,621.68
15,196,3966.92
22,198,4100.9
3,35,545.99
10,30,473.2
27,147,2474.03
22,192,3795.82
16,60,1301.64
34,337,3837.32
9,48,884.84
335,15,334.93
4,229,4319.63
38,25,413.6
62,20,263.21000000000004
165,22,433.74
15,77,1246.1000000000001
81,3,83.4
20,23,403.70000000000005
22,37,640.84
336,148,2025.39
95,133,2285.87
17,5,92.65
232,23,73.5
133,11,251.76000000000002
25,68,397.88
283,5,77.5
142,28,499.45
65,31,132.18
112,34,558.29
266,50,957.98
352,15,278.7
77,13,330.88
27,277,2337.6
0,120,1852.83
63,16,276.84
78,147,2300.54
142,37,545.68
38,12,192.72
18,106,1789.77
8,117,2091.42
0,70,1244.66
81,16,247.91000000000003
8,85,1552.33
59,61,1301.18
14,17,125.22
29,15,304.83000000000004
130,62,981.18
91,32,627.25
58,254,4017.81
28,21,363.95
21,263,4595.85
19,409,7646.94
29,50,849.48
35,18,316.7
74,48,832.39
46,67,1021.5
197,8,207.79999999999998
165,5,95.19999999999999
78,56,824.83
357,10,168.0
39,19,317.82
7,185,3284.06
49,119,599.56
157,3,81.6
7,9,145.16
319,17,289.46
4,100,1732.21
302,16,238.85
7,152,2673.26
260,20,402.9
288,9,145.92
85,18,297.65
22,421,7485.13
1,179,3477.14
39,34,519.61
8,56,809.22
226,28,160.54000000000002
315,11,218.45
35,88,1315.83
34,146,626.6
20,107,2124.31
77,28,386.42
246,24,415.7
39,15,197.71
238,21,391.36
2,193,3855.16
3,85,1647.2
233,80,1417.9
16,11,196.94000000000003
7,4,144.0
38,10,214.89999999999998
28,33,541.68
210,3,119.99999999999999
316,25,368.85
91,18,437.6
108,21,418.09999999999997
46,103,2453.59
50,24,384.03
18,202,3178.22
9,119,2288.86
28,60,927.58
28,44,802.64
189,27,501.46
58,12,153.12
78,16,254.18
59,101,1579.51
77,59,1036.85
22,104,1827.54
51,64,1049.32
73,12,312.54
56,145,2809.78
277,20,315.6
1,97,1766.79
94,29,538.4
28,41,352.98
21,11,177.31
15,69,1333.48
14,92,1339.41
1,401,7185.61
231,11,180.1
275,18,305.1
105,38,641.13
211,69,1260.02
22,273,4912.23
10,220,3860.23
3,40,736.46
9,62,1030.88
56,30,480.5
58,97,1539.78
89,99,1509.18
66,366,5092.19
32,38,511.69
238,21,366.1
23,49,903.32
114,10,185.9
24,43,734.14
171,6,126.24000000000001
129,31,477.91
33,66,1341.98
4,37,850.65
21,98,1837.82
154,20,273.3
106,29,499.61
2,18,147.64000000000001
334,9,114.0
330,46,747.1800000000001
148,28,582.02
10,38,601.98
16,104,2142.77
10,36,744.48
18,35,632.05
29,5,91.68
10,13,245.1
0,230,3849.78
15,12,304.0
324,3,63.0
57,32,460.13
11,150,2684.13
150,98,1427.73
9,71,1686.61
329,8,133.95
4,41,565.52
38,76,1447.94
24,41,989.39
42,51,1210.45
58,44,812.06
0,52,862.81
14,589,10285.98
3,484,8938.07
3,305,5225.51
7,98,1845.99
27,150,2442.68
371,7,89.14
113,146,2827.45
25,70,1132.6499999999999
205,14,285.01
27,27,542.6
126,38,764.11
69,30,507.12
6,24,414.1
28,37,670.54
7,259,4229.2699999999995
79,53,797.71
19,12,219.0
70,21,283.55
6,78,1448.48
14,311,5311.29
291,30,433.42
29,156,2659.81
14,143,3224.52
96,76,1077.02
28,103,2288.9300000000003
0,34,628.5
8,246,3848.36
105,19,263.36
3,68,999.49
150,53,830.98
70,19,238.25
4,39,644.95
2,342,5046.97
31,156,2375.33
84,51,856.63
3,67,613.02
4,51,927.61
370,23,371.8
27,116,2218.5
10,114,2080.38
70,46,836.33
113,26,453.01
23,115,3013.45
179,12,236.26000000000002
233,21,307.45
352,2,16.8
314,39,591.3199999999999
371,11,155.35
77,33,531.54
63,27,427.6
133,131,540.13
55,132,2937.14
1,84,1959.01
0,4331,23935.48
3,193,3691.86
128,15,275.88
80,23,585.62
22,31,905.1999999999999
276,49,61.62
280,3,17.549999999999997
86,3,50.879999999999995
15,343,3243.55
116,75,1573.89
51,93,1441.44
7,58,997.97
368,15,260.08
316,32,741.33
3,290,5580.31
238,23,456.84000000000003
59,54,752.47
16,62,1184.6399999999999
19,48,723.23
37,132,2896.54
63,19,498.84
4,95,1764.42
1,79,1323.87
14,56,476.82
363,13,255.95
9,19,401.26
64,4,91.85
191,21,324.92
373,1,15.0
256,24,344.53999999999996
334,22,423.48
52,43,756.01
18,11,219.78
365,13,254.03
186,25,427.58
36,28,483.65000000000003
177,24,405.31
260,31,514.85
44,15,229.64000000000001
101,1,40.0
147,45,863.46
95,28,492.20000000000005
280,3,106.63999999999999
261,4,75.60000000000001
2,59,942.34
213,6,92.72
70,45,846.88
59,24,349.42
2,91,1474.72
5,24,385.6
2,54,928.26
336,9,162.25
261,9,215.05
31,27,383.03
144,24,417.38
282,18,312.38
58,169,2316.26
172,12,134.1
33,120,671.95
2,308,5287.82
143,109,2490.77
4,410,3705.06
69,25,445.21000000000004
65,100,1532.46
28,52,325.96000000000004
268,25,71.79
21,83,796.8399999999999
30,43,661.6899999999999
96,47,131.81
294,17,311.55
134,70,1426.5
78,106,1092.55
372,3,38.1
7,310,2120.86
210,42,899.05
51,2,49.8
137,2,27.599999999999998
25,95,1568.23
282,24,449.37
25,530,3785.04
185,107,1607.0600000000002
83,9,135.84
326,66,599.97
57,76,1549.02
3,151,1298.17
235,47,854.99
44,5,91.72
275,6,103.0
24,42,703.47
87,6,139.05
62,70,1128.42
67,82,1378.4
254,1,25.200000000000003
23,78,331.71999999999997
292,1,42.0
30,31,176.55
41,22,372.8
204,1,29.700000000000003
9,60,1036.6299999999999
264,10,138.68
17,70,445.06
11,42,908.3299999999999
39,83,1338.87
22,44,965.32
7,8,290.7
4,33,804.11
148,22,363.65
138,90,1876.3
7,45,949.31
16,27,162.78
8,662,12841.630000000001
160,28,405.38
63,28,172.82
87,20,232.84
4,45,694.05
34,79,1637.5
311,8,117.85
77,25,415.8
66,4,76.96
23,105,555.03
1,129,2160.7
16,55,616.3
14,117,1279.8700000000001
25,9,114.14
54,95,848.69
130,70,675.6
35,30,604.51
287,22,404.95
143,94,1355.19
15,115,2018.15
30,214,4103.62
7,11,284.2
8,63,1064.07
5,79,1387.79
9,17,329.85
0,162,3437.44
305,19,108.07
9,235,3841.2400000000002
6,16,266.39
7,92,1708.58
88,108,769.8100000000001
9,10,160.18
371,4,81.7
111,4,74.75
6,129,405.47
3,237,4840.32
197,8,144.8
211,19,303.6
155,9,39.239999999999995
29,20,372.21999999999997
242,28,390.54
18,4,97.5
0,74,1149.02
73,27,508.75
291,83,505.82
8,27,130.63
30,12,351.0
22,30,461.26
22,27,414.76
3,61,974.4200000000001
84,2,76.32000000000001
21,55,939.61
204,27,379.38
259,30,458.53000000000003
3,301,5022.2
317,7,120.94999999999999
150,5,89.05000000000001
11,404,5655.91
173,25,438.7
55,4,81.57
322,14,229.46999999999997
371,3,50.550000000000004
8,87,1596.44
0,206,3996.54
10,86,1745.43
52,173,2992.62
72,47,789.89
15,454,7039.02
3,122,2131.11
63,38,599.9
0,36,614.28
22,45,661.3199999999999
30,7,116.5
10,90,660.19
51,70,960.68
356,11,190.55
54,37,642.77
73,20,434.28000000000003
137,47,833.6700000000001
79,22,383.76
8,43,676.99
272,9,231.82
290,31,458.47
98,18,305.28000000000003
30,34,544.3100000000001
31,168,3014.96
13,134,1772.21
63,9,199.18
14,399,5615.06
211,17,280.3
77,76,1214.41
24,7,147.65
249,7,94.15
253,14,246.33
71,8,147.06
190,8,133.5
12,66,1001.59
372,14,205.86
23,48,470.8
81,15,115.46000000000001
0,410,3402.28
191,9,228.8
266,7,177.15
129,14,385.01
0,109,601.66
2,270,4530.62
3,5,124.9
178,6,58.08
11,873,16002.28
125,59,1061.79
3,18,303.75
157,21,356.08000000000004
3,1484,29316.84
8,107,1759.1499999999999
27,21,345.82
70,25,477.83
275,88,1629.65
70,6,74.39999999999999
32,405,5092.67
0,357,7069.889999999999
233,8,101.19
0,283,5104.49
39,6,141.94
2,12,264.12
43,47,844.98
372,7,156.26
59,46,735.54
30,144,1440.97
0,132,1728.27
11,116,2086.78
137,30,501.14
21,76,984.91
19,72,804.63
238,1,30.599999999999998
268,50,283.73
93,55,922.39
89,213,3153.18
4,137,1958.34
77,15,259.17
93,2,64.0
22,40,690.0
261,2,32.3
273,7,109.8
85,95,1627.68
55,122,2365.81
10,687,3603.29
21,63,962.39
15,144,3324.96
107,45,422.47
84,131,2139.75
18,23,307.09
332,2,47.2
91,2,40.92
25,15,132.91
28,309,3510.36
13,83,1460.36
295,74,1257.8700000000001
5,13,227.82000000000002
32,84,924.96
48,85,1631.72
94,79,1201.06
8,119,1354.65
21,4,91.8
312,8,112.75
121,73,1357.09
45,35,531.8
282,41,417.2
18,65,791.33
35,124,1193.39
63,9,217.28
26,30,108.81
21,44,335.21
3,43,353.65
15,290,2598.93
45,67,481.49
64,17,282.45
25,245,4645.99
44,11,121.18
7,61,971.48
14,176,1503.65
39,76,1427.39
336,37,236.02
10,1,15.0
18,29,260.68
94,63,911.94
60,25,112.08
135,3,60.7
10,109,1744.68
9,226,3401.2400000000002
7,44,1061.7
18,43,680.67
9,57,869.46
14,7,178.86
58,146,1125.45
29,305,4957.49
93,22,353.48
9,51,483.42
19,140,736.83
56,87,1342.38
267,1,10.5
126,5,62.63999999999999
77,14,172.44
239,65,788.01
199,4,62.4
59,99,1424.59
272,16,108.21000000000001
201,7,129.0
225,10,160.95
3,584,2582.22
12,202,1328.35
73,42,558.32
211,54,785.67
24,36,744.85
22,30,596.73
261,20,285.01
95,67,663.65
111,13,270.40000000000003
202,57,585.12
92,27,121.74000000000001
50,16,430.5
17,127,1009.08
21,22,360.0
124,26,465.68
92,19,127.73
156,32,628.88
8,11,259.71
11,33,488.68
61,81,283.18
60,4,82.32000000000001
262,10,149.29
0,1664,7206.53
52,83,1398.66
10,175,2993.6
2,201,3966.33
17,431,3054.75
0,303,4388.62
36,87,211.49
30,15,276.56
112,16,138.98
63,29,544.9300000000001
15,6,159.4
40,46,542.73
77,9,137.75
121,82,798.46
17,26,490.54
59,7,93.66
330,13,201.19
22,187,2709.12
155,42,361.11
38,31,578.9399999999999
189,54,873.74
359,10,201.20000000000002
136,5,87.4
7,45,1139.3
267,4,82.80000000000001
168,20,371.89
103,81,618.09
350,21,300.42
3,75,1678.36
119,1,15.0
22,48,872.47
6,107,1456.79
27,72,1132.03
3,22,338.81
21,77,1495.92
1,62,775.94
36,44,217.53
65,124,2273.68
0,15,289.88
4,441,8633.73
77,105,1532.2
85,8,175.64
16,24,154.48000000000002
2,17,392.75
35,5,82.80000000000001
81,6,89.3
38,81,1842.8400000000001
315,7,175.68
31,10,221.58
92,50,953.73
13,21,350.9
81,260,3218.52
76,51,795.12
157,16,255.22
200,54,860.12
44,43,1208.99
260,41,688.25
177,18,303.43
67,113,2030.09
287,19,339.5
69,5,186.95999999999998
63,14,233.76
10,15,197.32
15,33,595.17
65,15,323.94
59,23,347.97999999999996
70,51,743.53
121,31,572.7
79,39,630.84
256,89,609.4
268,28,389.03
63,22,389.56
8,164,2971.94
17,58,892.5
70,10,134.95999999999998
33,126,2097.87
256,26,478.0
365,13,258.28000000000003
371,39,754.87
89,22,328.64
60,150,2780.0
88,36,676.65
98,50,869.76
25,97,572.56
31,167,3288.31
280,15,222.99
30,138,2980.51
329,34,484.67
130,33,574.05
10,51,797.96
74,9,185.88
1,149,2088.92
184,21,307.72
28,35,808.85
72,25,549.84
191,26,457.34
126,37,517.73
17,2,30.0
0,10,188.74
73,27,572.451
1,229,5431.0
23,16,303.06
106,18,213.55
133,20,471.78
43,14,378.3
4,28,640.83
11,277,3967.7
63,16,221.06
149,8,159.85
39,97,1519.91
63,121,2292.04
107,72,1187.89
0,134,1806.3700000000001
18,27,456.2
9,71,201.78
10,66,955.8
18,48,628.45
66,40,745.9
73,7,128.64000000000001
4,69,1006.47
1,12,196.89
13,161,2963.91
254,54,283.71
91,11,168.32
22,56,983.13
16,178,2675.59
23,19,291.88
26,57,1183.08
25,433,2898.2599999999998
165,17,356.97999999999996
24,42,842.84
17,55,1016.82
6,341,6813.53
28,17,183.44
38,10,329.8
252,9,151.5
57,41,674.68
183,17,307.9
10,98,1071.91
1,292,4968.62
98,10,165.0
0,253,2456.84
60,20,377.64
235,62,226.84
190,85,1355.46
178,56,988.47
37,76,1292.1599999999999
200,15,300.95
45,109,1804.56
231,11,184.64
65,10,140.34
240,5,111.3
232,22,383.44
77,69,1122.41
57,34,575.4
16,398,7249.04
104,11,168.48
51,86,1215.82
135,44,928.14
286,3,80.35
311,18,316.26000000000005
7,34,811.62
10,33,531.53
282,19,348.05
17,37,826.5500000000001
22,65,1166.77
287,46,815.72
16,17,232.6
70,17,216.85
63,22,295.93
72,208,3446.73
315,26,458.52
2,162,2479.16
243,12,110.97
8,41,746.6800000000001
0,115,1791.56
260,15,251.21
126,9,145.1
73,4,152.20000000000002
72,59,891.12
20,39,635.41
59,141,2128.42
85,36,627.16
77,8,122.75
58,73,1551.35
0,418,1071.73
29,5,125.80000000000001
32,157,2725.64
40,27,680.1800000000001
14,1,23.9
33,217,2242.36
78,13,206.06
204,22,483.8
33,66,210.31
182,75,269.09
1,296,5870.08
0,167,2667.52
120,7,208.65
85,37,631.34
39,78,276.06
11,97,621.09
95,122,623.98
25,50,873.2
318,4,91.80000000000001
65,82,1975.69
73,109,2346.06
27,33,524.06
5,169,594.52
6,32,171.42000000000002
215,13,60.26
81,78,1586.48
83,44,333.13
353,78,1072.63
18,38,240.22
40,168,809.24
172,43,187.05
16,79,338.62
242,27,239.49
12,340,2088.94
205,22,539.73
49,25,290.25
22,46,732.0699999999999
9,92,1410.4
24,79,1441.9
14,22,419.34
308,10,118.0
155,53,781.03
306,24,142.4
63,5,134.4
15,174,2478.95
14,21,379.65
10,79,1380.1200000000001
64,57,1040.63
35,16,247.95999999999998
107,124,1854.5800000000002
52,26,396.97
5,146,664.11
46,35,160.04
0,225,3569.76
311,18,174.67000000000002
44,99,693.32
64,23,428.89
25,27,164.34
28,40,276.75
39,97,675.51
11,215,1082.33
88,71,1093.56
23,194,1534.6100000000001
318,23,417.69
39,43,486.43
173,13,177.34
116,19,213.85
30,75,498.46
252,19,257.23
58,91,1434.95
142,20,336.36
4,60,932.94
177,1,40.0
24,142,1957.65
32,185,1496.3600000000001
67,61,1026.03
36,63,949.12
51,99,804.3
15,8,122.64
73,37,623.12
215,57,312.28
30,28,519.44
15,146,2624.26
119,2,50.5
9,77,1440.6200000000001
256,22,263.2
16,93,1656.14
34,6,94.2
45,63,1095.08
42,164,2603.23
113,56,932.97
164,49,379.65
10,13,217.74
9,102,2090.27
205,101,1430.8
85,52,881.26
178,13,189.47
59,12,84.65
148,83,299.05
2,446,4688.37
50,9,218.55
74,25,349.7
300,5,132.39000000000001
18,59,337.94
150,25,486.82000000000005
151,16,232.6
0,177,1756.18
17,57,827.83
186,3,59.5
285,29,65.13
2,28,20.92
182,8,72.0
62,1,15.0
58,8,127.4
24,43,612.2
3,126,3292.83
30,79,1675.81
38,12,151.29999999999998
154,14,308.58000000000004
25,185,1698.63
4,132,2206.06
7,25,433.38
302,20,330.79
266,46,701.5600000000001
270,49,285.33
3,325,5332.78
31,7,113.28
218,13,252.06
246,10,228.84
280,104,1077.39
268,21,138.28
31,102,1445.01
245,11,194.95
14,59,989.48
116,42,720.7
35,28,524.14
131,69,1393.13
216,4,102.9
49,98,1545.56
38,37,473.15999999999997
28,19,285.78000000000003
36,63,1016.14
135,43,752.6
218,38,610.59
27,33,491.86
24,188,2476.89
4,190,729.8
199,29,265.65
17,1,41.7
240,23,350.75
71,33,620.73
16,309,2916.72
2,36,1028.52
94,63,1080.52
161,25,300.04
95,24,438.25
53,18,306.62
287,7,83.55000000000001
123,70,910.38
287,33,606.26
151,10,186.6
3,319,2000.96
1,107,2376.96
11,103,2071.22
70,23,402.49
53,57,286.79
49,70,1070.65
218,5,133.2
70,207,1519.42
1,254,5754.9400000000005
1,129,2182.4300000000003
63,110,2035.95
33,170,953.98
81,22,345.0
8,68,1593.5
102,9,178.7
6,56,274.21
250,17,127.84
12,113,908.86
9,12,383.31
366,6,148.8
75,31,309.04
3,45,348.8
65,13,195.55
0,49,633.3299999999999
116,37,592.56
309,32,511.52
66,23,324.8
138,22,317.71999999999997
254,17,277.07
30,131,2358.73
51,7,239.39999999999998
63,9,190.98000000000002
366,7,112.6
5,69,1253.3600000000001
304,12,155.05
28,27,482.56
183,8,319.5
41,36,539.0
39,65,1153.8600000000001
91,49,1010.62
21,164,3136.58
23,26,464.57
28,24,382.98
301,27,659.95
144,59,385.64
5,95,508.09999999999997
18,35,596.4
32,35,776.54
175,10,189.5
57,92,409.8
21,15,209.49
15,57,566.15
18,3,52.199999999999996
158,28,383.85
24,55,834.57
211,17,221.59
5,165,674.82
58,204,3285.02
10,20,361.62
64,7,165.98000000000002
24,55,865.0600000000001
51,101,1537.95
128,93,1595.48
95,76,1398.3
56,16,462.9
8,46,962.47
168,11,150.9
56,11,216.17
325,28,201.16
0,76,1245.9
17,137,2119.36
247,20,305.78
57,30,501.56
73,7,145.67000000000002
30,59,941.49
38,31,459.84
122,304,3083.65
1,107,1843.94
22,324,5762.45
119,23,389.6
357,16,280.1
53,103,1608.59
63,7,122.7
85,2,47.64
54,26,662.65
20,160,2970.62
66,47,961.28
2,63,1081.28
10,140,2578.48
6,58,718.3000000000001
188,27,455.8
70,16,243.56
203,19,349.55
119,39,595.67
92,12,265.7
0,110,1883.8100000000002
63,24,395.73
297,18,368.1
23,25,443.3
27,112,2091.52
49,16,258.06
325,12,155.93
15,18,337.52
182,42,638.95
71,147,2760.45
36,26,332.64
79,116,1960.19
56,144,2238.31
11,31,521.15
49,18,272.04
49,25,585.0
58,28,384.81
351,7,172.25
53,20,351.13
1,117,1838.8500000000001
92,41,678.25
22,11,223.85000000000002
74,21,348.99
10,27,464.57
168,5,143.25
57,17,337.34
95,57,982.53
294,16,307.4
108,19,401.19
263,26,572.1
179,26,376.58
168,9,158.85
34,7,71.66
22,45,568.55
16,49,839.14
21,14,340.32
78,6,64.05
64,5,90.6
360,2,55.2
2,155,2073.17
10,31,518.8
175,39,674.45
217,129,2819.021
6,12,222.08
1,25,439.92
153,32,271.96
4,146,970.26
78,89,551.54
20,11,159.42000000000002
21,11,169.55
307,34,604.54
145,1,35.7
6,591,6543.55
18,148,2708.46
70,15,190.25
286,10,196.7
48,28,413.59000000000003
30,325,2277.73
206,6,109.82
14,15,196.79000000000002
72,54,869.87
59,10,152.94
38,106,1486.01
39,98,1315.99
26,12,239.63
3,342,6722.42
16,12,239.82
19,227,3743.64
65,32,524.56
212,16,311.3
11,82,852.88
29,5,76.8
42,107,2179.06
3,147,2224.64
14,86,1393.69
9,198,3316.59
210,7,186.36
45,24,530.2
133,47,529.73
42,154,3476.5
9,64,1104.32
115,26,519.55
197,42,695.61
277,11,328.8
109,34,473.02
76,39,505.18
52,8,151.5
161,143,2584.53
46,61,1040.4099999999999
16,39,642.8
154,18,365.5
224,28,440.0
6,30,539.52
121,16,327.7
60,6,104.82
62,10,191.46
17,238,1797.64
6,140,2625.1600000000003
15,130,2130.5499999999997
21,83,456.09
28,58,909.72
284,38,626.65
175,28,147.20000000000002
77,92,1560.38
32,5,82.6
40,218,2745.2200000000003
265,21,141.41
26,205,596.47
283,14,154.99
8,25,517.77
304,85,409.93
16,466,4771.22
31,54,746.36
0,83,2235.19
19,56,225.36
159,2,41.75
64,6,92.46
105,6,128.04
0,1082,7843.0
23,255,4049.12
266,7,132.6
4,159,2722.54
9,34,716.13
28,74,839.9399999999999
266,7,152.55
63,52,374.7
319,24,265.85
3,323,1437.57
31,13,151.04
4,41,808.64
128,44,118.67
77,40,366.7
101,59,417.42
124,10,148.9
32,4,45.599999999999994
301,150,921.62
364,29,182.25
3,177,1002.9
1,444,4231.54
2,68,191.47
9,159,4248.2
56,13,158.75
7,203,3533.76
11,100,433.86
3,4948,42436.14
36,20,86.15
15,246,2788.89
137,25,191.95000000000002
294,3,28.15
4,48,551.18
154,20,131.21
238,71,1122.68
51,115,2238.08
30,33,538.51
72,9,144.2
36,130,2385.07
13,4,78.3
22,159,2813.15
3,27,492.22
273,14,296.83
19,70,1243.66
143,3,90.0
3,155,2544.69
83,2,48.08
10,165,2672.83
10,11,213.35000000000002
122,44,709.71
60,46,637.5
1,51,1078.8600000000001
318,66,480.91
1,189,2972.99
129,28,605.64
1,100,1888.4
1,44,815.88
45,25,354.62
3,66,935.05
2,36,701.23
372,22,311.81
133,7,115.8
8,203,3377.9
77,1,15.0
233,2,29.700000000000003
220,28,446.62
35,23,370.24
74,49,621.29
238,47,830.52
265,6,118.75
9,855,14027.73
19,46,424.89000000000004
39,41,507.66
19,1174,4579.35
215,104,1097.6200000000001
173,25,289.36
86,28,485.40999999999997
80,17,374.4
275,24,120.44
38,50,562.59
97,58,363.79
10,28,315.84000000000003
32,26,134.46
59,140,2731.05
296,31,576.9000000000001
85,38,291.65999999999997
8,317,1540.8600000000001
40,157,701.57
10,232,4169.47
66,24,452.89
330,2,32.65
30,60,1769.96
1,255,4076.19
1,252,4219.06
67,41,779.39
4,557,9878.48
251,1,39.8
106,4,90.72
17,39,701.4
217,1,10.2
59,34,566.36
1,39,150.61
16,24,466.7
238,20,328.15999999999997
94,10,151.74
10,81,1638.13
105,101,1854.8400000000001
52,109,1971.5
30,67,1004.38
11,108,1789.72
2,51,926.15
1,96,1707.5
42,12,169.48000000000002
3,7,89.94
246,17,353.57
41,189,3089.6
176,41,683.17
91,60,991.13
109,110,840.38
28,49,870.69
25,173,3229.16
51,28,501.4
183,49,845.8100000000001
42,112,1903.17
48,25,540.82
21,146,709.12
74,54,1001.4
80,13,180.06
372,9,161.0
325,8,146.85
42,107,2089.7000000000003
29,40,762.39
183,9,147.3
234,16,280.55
8,139,2470.57
219,108,1693.45
110,75,1474.06
277,20,136.76999999999998
317,7,98.58
6,111,1904.05
1,55,1111.74
259,51,879.0600000000001
63,93,1891.02
89,10,278.2
141,5,120.0
50,48,939.49
7,138,2304.61
154,16,286.37
108,31,530.18
162,48,1091.94
331,29,492.65000000000003
225,10,112.32
73,33,437.96
50,29,559.97
98,63,1074.89
14,212,3464.66
196,8,134.04
2,146,2850.7400000000002
30,32,595.25
20,13,293.93
23,271,4093.25
7,9,176.63
212,13,261.0
8,44,728.5600000000001
10,95,1755.99
1,235,3703.85
7,80,1561.63
2,58,909.76
39,3,65.4
17,61,1245.33
7,1326,27959.67
7,132,2470.3
18,3,43.2
116,5,122.8
222,16,335.75
70,100,1621.3600000000001
50,18,407.91999999999996
88,176,2803.07
7,109,1795.1000000000001
242,20,310.26
46,86,1545.59
106,7,73.2
44,92,2006.13
64,23,442.58
206,31,477.79
10,122,1447.35
114,36,605.0600000000001
241,7,123.85000000000001
162,10,187.75
16,253,4686.16
123,28,462.65999999999997
22,16,251.97
67,12,213.20000000000002
16,160,2436.21
15,60,454.86
16,88,1524.91
160,30,537.22
242,13,248.32
218,6,134.7
44,127,2081.06
20,17,260.0
126,69,757.9300000000001
38,6,108.97999999999999
120,59,936.58
259,16,271.87
9,31,133.5
273,18,282.93
156,45,963.3100000000001
214,6,90.6
5,9,163.62
365,11,174.4
79,31,521.83
42,40,225.12
18,55,912.18
31,114,1932.53
21,37,151.5
108,49,944.7
7,505,7796.26
319,8,155.0
294,4,100.5
357,4,76.55
184,66,235.56
190,6,160.85000000000002
43,46,348.1
51,56,202.68
25,126,615.49
37,56,1008.54
8,14,202.11
296,7,142.4
32,137,1601.44
9,185,3150.44
64,42,837.0600000000001
9,264,3176.78
217,5,67.95
1,347,3435.36
64,73,487.99
2,66,1266.68
148,22,363.98
3,164,2656.42
216,7,64.35
33,95,1165.22
118,8,156.75
106,60,979.48
10,81,1064.87
70,45,874.57
91,188,1049.27
42,42,688.43
361,22,121.05
91,95,1384.42
0,575,5669.52
21,12,189.5
3,119,1619.67
10,202,1051.79
98,29,387.52
56,20,315.36
0,218,4023.34
217,1,20.4
23,211,3341.33
49,16,318.34000000000003
6,135,1103.19
302,15,346.16
9,375,2093.9
98,9,89.06
365,5,63.0
305,9,131.9
319,4,81.3
7,35,894.88
0,36,849.09
204,53,1052.62
53,93,1420.2
0,277,1010.35
18,70,1163.23
8,19,137.75
18,250,885.8
180,40,483.25
59,105,643.9
10,60,259.05
189,22,119.93
4,947,3017.28
310,3,68.64
154,22,632.2
109,16,434.34
147,177,1916.86
65,233,1980.57
170,2,54.599999999999994
246,118,477.14
28,56,1134.25
17,89,596.26
11,42,411.19
103,264,1802.77
73,6,149.34000000000003
45,29,547.66
71,41,806.45
256,17,193.0
50,2,83.2
253,18,316.25
10,12,229.13
164,29,589.31
17,131,1197.81
281,9,137.1
49,14,321.92
38,46,162.8
26,139,1114.48
67,44,781.08
206,30,463.38
174,15,246.43
6,115,2125.02
25,7,139.56
50,6,123.8
311,17,314.77
308,29,475.37
42,188,1538.45
25,190,808.44
87,3,63.45
183,10,251.21
19,606,2250.73
2,149,2579.16
46,107,673.26
16,776,5396.71
16,294,1915.65
39,92,1035.03
21,55,268.05
10,67,1264.8899999999999
187,23,275.28
206,8,60.0
60,65,770.6
17,88,1513.51
32,18,330.45
63,16,174.37
1,2,43.2
91,8,165.85999999999999
107,11,194.29000000000002
31,194,1597.43
19,269,2857.6
2,967,8247.83
36,17,319.21999999999997
59,213,578.61
25,208,2535.77
235,63,885.15
24,49,1036.08
2,502,3867.98
59,326,2748.19
259,17,119.95
57,7,210.95999999999998
64,18,335.15
15,32,537.48
9,71,952.66
58,99,1092.75
185,5,103.25
28,46,846.99
23,101,1373.67
4,397,2573.93
3,351,3739.75
310,56,289.24
10,41,402.29
17,10,186.23
151,57,164.22
18,112,694.27
9,198,1991.37
56,18,251.7
84,7,132.04
6,62,1236.57
75,69,1080.76
3,406,4137.87
95,113,2336.42
56,16,422.40000000000003
0,10,50.75
280,28,140.71
2,257,2453.2400000000002
179,226,1594.97
371,1,35.400000000000006
12,123,859.71
2,24,168.63
16,17,138.6
40,6,114.11
5,302,986.96
168,97,969.26
49,29,157.05
276,19,237.36
18,371,1580.29
371,3,39.75
14,174,1211.71
34,158,557.94
21,150,542.15
6,52,363.33
19,100,1636.6
10,39,325.2
43,50,221.97
305,25,393.33000000000004
10,6,123.96000000000001
0,2668,11261.34
18,3,45.300000000000004
3,5,89.4
284,1,10.08
8,11,264.6
245,20,394.44
205,26,412.78000000000003
0,90,1677.96
184,21,320.58000000000004
31,132,826.7
56,13,225.85
195,53,899.63
23,117,2322.67
90,20,424.26
3,150,955.26
50,36,608.28
262,8,114.56
265,20,344.90000000000003
35,27,566.89
50,13,291.3
51,170,2879.49
23,99,1808.73
21,7,110.46
58,1,19.8
169,27,450.36
67,22,446.32000000000005
156,29,495.09000000000003
1,417,6873.82
200,27,137.04
4,182,1137.39
66,101,653.75
76,29,114.18
0,232,1765.75
7,36,876.28
168,80,291.05
17,126,848.22
4,29,247.15
8,253,2529.93
86,28,159.38
26,3,41.05
28,156,696.37
19,98,636.24
60,87,1655.35
23,14,195.25
10,537,7174.38
241,166,1259.24
279,123,392.86
234,60,721.0
2,69,1315.2
15,96,535.52
30,15,365.4
24,96,2124.57
211,4,53.95
187,2,52.0
25,389,1140.31
106,11,257.82
7,295,3354.28
208,13,112.8
43,48,355.05
30,56,1031.59
136,68,591.55
264,7,45.4
3,128,1976.95
217,22,188.60999999999999
1,200,1217.27
213,8,109.13000000000001
31,98,1512.3
10,322,1964.5
0,339,3097.34
14,22,318.17
10,393,1493.96
2,21,409.19
14,194,4796.24
13,136,599.48
9,337,1977.6200000000001
74,16,183.87
8,335,2410.8
23,9,79.55
24,69,744.28
42,50,257.11
1,235,1581.84
5,36,603.81
146,28,180.42000000000002
9,259,1122.3600000000001
24,45,535.08
273,7,116.03
373,71,313.49
0,462,1897.57
46,45,380.02
7,144,2453.79
15,112,2546.69
3,145,3265.25
3,5,123.3
42,51,1103.25
3,22,486.48
196,88,1380.41
11,52,970.74
15,18,237.48
112,68,1149.46
248,18,328.2
28,89,1415.75
43,2,69.6
86,30,563.15
44,41,638.05
9,223,4395.4400000000005
14,38,738.96
74,19,420.5
144,69,1374.46
4,102,1625.97
296,5,89.2
58,9,158.10000000000002
263,21,300.52
46,3,79.8
28,39,254.11
7,127,2097.09
126,3,80.10000000000001
2,1053,9853.82
231,52,876.42
111,9,139.26
57,57,864.3
50,109,2007.9
126,31,525.06
280,41,386.15
54,27,447.68
319,5,110.10000000000001
25,15,289.99
9,3,77.4
6,27,483.99
28,5,138.24
16,45,660.0600000000001
63,2,6.2
20,14,228.99
2,78,1214.11
165,6,131.45000000000002
0,1121,7265.57
52,12,173.74
50,13,157.7
47,378,3990.29
60,57,189.34
161,39,252.15
8,8,143.72
14,45,475.6
74,11,193.39000000000001
39,221,1929.4199999999998
40,254,2085.33
369,29,152.88
36,53,778.5
196,2,21.85
199,61,1010.34
73,46,507.8
63,11,176.07
20,29,507.29
366,2,48.800000000000004
179,70,321.43
9,20,479.06
3,117,2034.01
196,2,46.08
28,42,697.55
52,39,188.88
17,60,1251.96
9,6,102.44999999999999
89,108,1649.5
267,4,62.85
52,132,2994.23
43,142,2420.01
63,121,2044.49
148,12,256.3
21,368,6640.85
311,21,325.75
22,27,448.35
57,143,2836.69
23,7,125.4
77,117,1956.13
118,14,315.65
35,62,1025.21
59,60,1173.12
12,56,1243.54
18,11,170.32
51,6,125.79
25,48,841.1999999999999
28,10,202.07999999999998
6,4,52.2
10,30,331.1
185,36,710.28
2,135,2517.09
8,70,721.45
261,11,196.75
2,93,501.28000000000003
209,28,519.68
107,40,717.72
12,117,1102.89
76,46,690.59
19,17,255.4
26,4,107.4
18,53,761.59
131,4,95.52
252,18,364.8
206,20,369.2
335,10,135.9
253,7,125.65
147,33,554.38
9,73,1237.8500000000001
84,19,392.6
7,463,8912.16
204,43,468.77000000000004
7,51,1136.48
22,106,1034.32
10,90,1085.61
25,20,332.66
20,349,2750.33
1,66,797.62
157,13,300.55
2,158,3040.33
73,7,153.2
2,30,434.35
0,5089,89434.51
16,21,490.69
35,84,1063.63
90,11,224.07999999999998
70,75,1171.78
115,31,714.6500000000001
212,57,977.77
29,77,1266.57
50,43,702.3
245,8,137.65
31,10,172.88
108,124,2210.26
4,36,720.6800000000001
365,16,313.53
81,80,1481.74
33,345,6656.1
56,22,641.52
29,132,2961.03
13,3,100.9
71,13,240.9
22,62,1042.27
18,18,321.4
78,20,311.69
59,74,1579.09
24,54,285.67
11,77,294.85
252,12,58.49
146,41,483.72999999999996
63,58,641.34
7,26,153.77
10,291,5610.11
270,4,56.5
9,187,1150.69
246,12,104.45
95,79,471.59
14,36,183.02
49,2,30.0
29,37,147.59
67,14,228.86
34,155,1097.98
127,18,114.77
106,29,564.45
36,17,89.94
56,8,131.89
56,70,689.86
71,213,1873.67
245,8,102.12
18,39,202.37
197,83,292.01
211,39,289.54
38,60,231.98000000000002
45,23,408.68
169,73,371.07
47,77,490.52
115,111,1405.1100000000001
146,153,1108.27
15,1112,6295.37
50,132,480.38
158,12,156.91
11,179,1214.43
35,20,308.94
53,122,405.04
42,32,175.17000000000002
172,20,170.04
33,20,125.58
38,30,445.21000000000004
266,66,252.81
8,444,1871.77
11,121,852.39
2,545,5855.33
9,149,1501.78
32,67,361.96
79,60,392.5
30,28,534.55
7,44,409.73
267,2,51.0
3,109,581.19
255,28,339.1
4,498,2409.16
15,381,3489.46
89,27,252.73000000000002
71,119,429.56
58,124,636.24
9,1419,14320.89
169,66,179.93
198,4,59.43
18,432,6982.38
151,5,79.96000000000001
8,169,2347.09
269,22,343.62
64,94,381.0
273,2,40.050000000000004
24,64,989.37
22,139,1203.96
318,27,127.83
4,68,643.95
11,114,302.1
274,8,242.4
24,264,2010.14
40,237,1337.72
7,115,294.25
3,138,3097.0499999999997
70,57,987.86
212,4,115.6
37,150,2693.63
52,39,730.19
77,76,1347.3
45,104,553.36
178,70,1109.53
93,20,374.46999999999997
9,50,814.45
104,41,735.67
77,22,443.07
172,48,830.45
6,436,9535.39
212,43,610.5600000000001
21,33,504.8
256,5,88.2
281,14,246.46
20,55,1027.3700000000001
9,141,2169.4900000000002
307,23,381.32
67,30,480.71
214,26,457.81
17,71,1176.68
103,41,1052.34
42,10,172.59
3,25,248.08
83,21,287.05
8,6,150.73000000000002
30,34,618.36
196,67,993.54
17,93,1576.31
17,100,1422.52
310,15,268.5
141,56,1093.25
245,28,484.95
23,29,571.95
28,84,1567.48
9,65,1222.83
29,196,2709.56
17,21,340.11
17,37,723.5600000000001
14,77,1199.78
245,14,266.4
133,21,358.82
49,28,457.72
113,79,1458.28
6,100,1811.59
22,15,184.19
112,31,793.0799999999999
65,14,299.73
59,101,1421.2
49,65,1321.18
169,22,330.11
17,50,806.8100000000001
127,21,403.1
14,69,1192.69
238,9,139.05
2,66,1189.5
239,13,178.96
51,68,1584.61
45,24,395.24
225,14,259.45
7,179,4178.88
3,64,1040.43
164,90,1245.56
239,26,484.9
10,20,301.29
133,20,348.90000000000003
16,341,5291.33
9,270,4700.84
30,22,329.25
74,71,254.28
0,52,821.44
3,121,1695.07
44,4,93.96
1,601,11002.5
356,3,51.96
17,28,235.17000000000002
68,101,824.58
372,27,487.75
320,39,158.8
25,4,58.86
8,110,1624.05
322,11,135.75
71,23,224.14
259,3,40.5
17,84,1550.31
366,6,87.5
65,12,226.07999999999998
153,29,622.85
28,62,402.2
69,20,230.72
13,19,411.41
1,63,1322.42
3,92,1877.8100000000002
119,47,816.3199999999999
60,17,357.72
2,280,5268.52
10,29,476.61
91,10,193.64
235,3,81.75
86,68,1116.54
25,142,1827.8
356,6,142.38
84,36,565.64
145,3,53.10000000000001
0,39,703.62
224,19,281.23
59,52,894.4100000000001
240,5,101.8
318,24,328.35
1,110,1661.44
46,33,624.84
87,1,33.0
10,129,2469.14
175,7,136.75
51,115,1687.16
225,15,278.75
357,11,160.48000000000002
233,23,409.40000000000003
310,8,154.41
36,58,1219.4
65,109,2366.53
240,21,310.8
112,30,562.06
276,14,197.0
217,143,2247.51
298,14,231.05
1,99,1412.32
28,47,728.39
9,49,780.59
44,69,1258.27
66,105,1480.52
73,22,316.68
64,33,560.77
133,81,1587.94
237,33,514.15
121,2,45.199999999999996
31,340,6138.56
90,5,182.88
35,44,740.78
15,53,918.1999999999999
126,18,300.36
66,43,665.45
148,6,98.45
282,6,152.14999999999998
168,34,623.16
99,72,1532.6200000000001
134,19,254.82
323,10,178.95000000000002
106,12,156.51
63,23,393.74
150,81,1442.37
337,6,119.3
15,26,680.45
6,263,2449.99
56,63,721.94
3,47,716.57
37,41,615.14
65,49,128.63
46,11,210.89999999999998
354,19,290.51
171,16,113.12
58,139,2332.15
21,17,253.29000000000002
42,65,913.47
28,56,749.94
4,143,3666.91
25,74,1442.04
200,24,178.39
50,191,3345.02
9,39,641.94
1,182,3269.42
63,28,496.44
50,237,4148.45
289,31,574.02
60,16,311.90000000000003
63,57,1072.35
95,12,205.3
273,19,310.47
0,1955,13284.63
74,45,795.85
198,24,327.97
63,37,570.5
3,32,265.21999999999997
283,16,204.5
43,35,197.53
70,81,1899.21
85,42,679.68
103,48,161.74
333,29,311.71
52,10,208.75
38,56,973.2
31,8,180.96
369,15,391.5
207,10,184.9
156,98,350.82
53,35,170.22
65,86,574.07
129,24,406.09
86,21,364.5
0,25,512.94
45,20,393.54
332,17,252.42000000000002
365,4,81.60000000000001
71,9,158.04
157,71,463.90999999999997
372,5,115.65
11,216,1784.96
254,58,579.47
28,13,229.35000000000002
30,499,2718.03
4,541,7763.74
39,8,192.58
361,5,139.8
372,16,326.0
95,25,452.63
25,110,1915.92
74,44,602.51
56,91,1655.44
20,1,16.5
59,84,1565.75
136,4,120.96
7,119,1598.56
128,1,25.200000000000003
39,116,1221.56
168,187,3314.4100000000003
8,25,431.15999999999997
267,5,143.1
14,288,5175.61
169,41,642.41
39,11,158.96
185,31,394.14
269,10,140.54
4,81,1309.57
15,12,231.86
9,80,1874.64
325,7,107.45
112,12,169.18
289,6,94.0
15,73,1345.53
0,49,765.85
127,3,50.2
148,40,536.05
188,5,84.14
30,52,463.01
33,146,784.24
263,34,267.18
83,104,2184.64
25,96,1248.43
170,9,88.53
9,36,613.14
312,47,559.61
64,183,3347.34
84,28,508.8
24,8,135.86
58,53,950.36
322,6,97.7
37,2,43.5
253,15,277.86
18,272,1232.71
32,292,1430.54
14,6,93.78
26,82,397.35
22,10,171.19
213,41,533.3
7,52,861.48
21,29,149.29
11,291,1067.75
261,45,200.16
130,25,156.57999999999998
54,61,341.18
1,370,3118.44
8,214,1411.21
263,5,113.5
330,9,155.17
312,28,494.64
25,60,974.52
29,30,429.84
29,56,528.48
1,279,1371.77
361,25,179.1
282,58,434.59000000000003
261,58,237.07
24,7,161.64
353,56,214.26
93,9,144.6
28,7,126.14
337,154,984.75
19,55,1059.15
84,57,334.53
8,51,478.08
50,24,467.51
49,23,455.35
1,72,372.88
112,76,371.56
76,28,406.31
39,35,715.54
115,43,736.65
15,19,624.62
160,84,225.26
0,168,2282.38
29,67,1222.84
92,1,15.0
22,44,798.04
94,145,2525.62
27,34,609.4599999999999
32,288,1902.41
20,120,1170.78
17,3,90.0
2,448,7975.41
7,68,1131.56
15,174,3330.2599999999998
362,66,141.04
80,13,52.83
52,67,1014.6
22,159,852.08
171,45,475.86
188,90,910.27
11,158,900.53
155,7,121.0
32,199,3705.2400000000002
11,150,1840.26
44,15,62.43
232,27,267.03
63,210,1921.55
1,18,343.5
39,178,2145.46
32,56,397.99
83,8,97.01
1,156,734.37
32,3,29.04
18,151,1662.92
253,25,171.33
22,658,3754.1
21,105,1396.81
7,218,1917.64
24,251,1564.73
18,82,728.37
172,72,502.9
162,24,110.92
6,39,417.26
10,15,213.3
113,29,85.13000000000001
287,28,127.86
8,259,3546.71
53,80,288.96999999999997
6,691,4550.8
76,110,1413.96
3,61,575.63
36,29,436.06
216,17,90.12
59,55,428.93
277,14,217.2
11,883,4544.96
23,30,229.76999999999998
28,18,378.91
11,23,444.59
21,110,1248.34
49,8,173.16
18,6,86.17
2,52,658.69
131,20,71.91
6,318,4103.82
11,53,367.5
4,202,1877.73
31,97,591.1899999999999
177,152,675.64
37,40,547.33
150,39,258.88
161,13,127.1
68,48,327.6
155,142,667.03
24,44,682.9100000000001
23,121,675.86
176,31,455.3
49,2,61.199999999999996
255,29,478.53000000000003
46,23,328.58
70,3,45.0
15,103,1771.78
100,77,1406.59
34,22,324.57
52,14,240.68
26,52,761.74
10,404,6398.96
7,36,650.47
78,2,48.480000000000004
51,17,216.39
35,66,1147.83
60,43,918.88
336,13,104.76
27,59,986.4
183,16,298.48
51,6,112.46000000000001
9,33,709.24
35,5,105.9
9,386,7300.74
32,45,776.851
56,100,1553.18
3,7,61.85
42,183,3614.61
140,19,301.03
116,34,588.13
103,60,1284.6599999999999
74,49,675.8
4,154,2804.2400000000002
44,57,1022.15
15,154,2484.61
16,15,243.55
89,20,427.06
52,15,223.36
133,25,425.32
3,427,7871.83
104,118,1827.8
191,31,546.6
165,232,803.54
18,50,483.01000000000005
157,35,447.64000000000004
203,21,483.1
36,29,442.38
90,20,287.94
115,4,48.0
8,12,272.01
242,34,560.67
44,47,748.5
22,1,30.0
189,46,896.6
43,10,256.95
24,86,1418.66
316,3,19.8
105,9,138.14
50,17,386.43
167,114,2150.81
39,13,301.32
39,31,512.5
296,12,173.05
18,67,1207.83
87,131,2172.87
72,111,2021.89
80,21,323.69
18,199,3274.06
48,32,612.68
52,11,290.3
23,110,781.28
8,76,1226.28
24,44,934.06
116,10,193.75
8,165,2942.1
119,8,173.1
3,18,192.96
27,12,191.04
7,28,526.6
266,22,409.98
32,167,2651.16
17,18,309.65
171,86,696.68
1,230,1529.0
264,4,104.4
139,108,1687.54
200,5,83.1
64,53,902.16
34,204,871.98
40,269,3008.25
283,6,133.25
8,51,871.0
142,18,303.6
11,34,330.03000000000003
145,114,890.39
233,7,150.3
32,931,5030.07
23,127,536.33
11,83,400.6
35,52,940.87
364,38,190.7
200,11,218.25
14,32,415.25
16,292,4243.26
212,5,85.0
65,70,1120.88
211,14,294.12
282,10,162.3
114,19,437.2
14,71,1188.1200000000001
18,140,2717.39
65,3,77.6
48,9,154.88
15,86,775.96
77,3,34.8
18,61,1035.19
133,28,196.88
12,87,737.84
39,20,144.36
2,291,2463.05
39,404,2576.2
50,28,458.57
9,141,2364.25
60,191,528.01
65,45,714.42
24,9,205.25
296,5,117.03999999999999
64,37,583.75
31,60,1007.02
87,176,2911.38
63,8,131.46
115,26,371.83
234,1,40.68
5,9,147.52
68,25,270.8
244,7,104.9
132,18,241.62
240,14,227.36
183,29,475.28000000000003
24,20,345.46
9,18,543.4200000000001
10,14,246.3
32,66,1051.57
45,264,4800.2
25,200,933.26
357,25,351.3
9,34,218.75
43,72,1427.44
14,2,57.21
149,42,610.01
0,127,2375.1600000000003
318,1,15.0
75,97,833.14
106,117,696.89
45,64,1063.95
50,4,75.9
0,261,3956.39
22,290,4826.38
45,27,412.98
49,47,854.4
305,177,2577.37
35,35,515.77
78,89,1391.98
21,132,2170.92
106,31,346.58
207,30,482.51
16,61,1116.73
63,30,576.82
48,122,1854.45
319,16,116.97999999999999
43,62,570.96
2,29,644.17
371,1,15.0
171,18,224.94
55,64,1386.47
72,115,1836.0900000000001
98,51,636.14
37,39,576.0
57,62,574.89
253,54,836.79
69,265,1873.15
43,48,858.39
49,10,137.37
64,24,391.98
24,13,424.68
32,61,1003.9399999999999
58,27,355.56
72,40,622.36
303,8,118.95000000000002
45,11,130.73999999999998
17,120,2723.07
37,21,328.79
18,93,234.88
196,21,103.21000000000001
51,30,110.8
3,122,1098.6200000000001
136,80,712.24
3,514,6150.68
18,13,215.4
15,185,1224.65
40,139,965.16
11,539,2981.92
7,147,832.88
25,18,68.84
66,6,91.4
40,37,693.43
100,43,211.89
4,457,3706.94
276,15,149.64
32,74,351.44
14,108,316.25
63,84,1092.85
1,126,490.33
368,96,329.03000000000003
311,26,241.74
198,18,253.56
1,49,396.48
92,17,328.35
59,11,123.09
80,11,91.81
156,85,420.07
226,60,511.68
252,36,184.0
149,10,42.01
193,21,98.09
0,81,877.58
368,4,56.25
23,47,337.28
16,111,351.73
25,38,507.96000000000004
7,30,164.68
19,148,1471.69
3,226,882.72
173,5,69.53999999999999
0,266,1228.88
177,19,264.62
15,148,1370.4
247,12,123.1
190,40,334.23
19,122,525.69
153,60,167.5
172,22,192.41
372,9,248.9
372,21,127.08
193,12,207.15
66,21,426.63
3,102,1554.35
20,73,1062.46
238,11,108.03999999999999
63,7,145.35
111,15,254.58
89,36,795.5899999999999
310,1,35.8
133,13,292.44
276,4,68.9
364,1,13.6
82,21,524.64
7,60,955.24
16,19,364.72
31,95,1629.02
8,41,708.22
33,84,781.91
14,89,1029.68
23,169,3508.61
31,41,378.49
73,6,60.9
19,28,470.76
16,110,749.87
22,80,397.68
2,17,463.3
303,7,114.9
52,12,273.05
366,2,34.4
38,170,2915.35
83,24,371.01
164,96,427.64
16,59,770.33
76,46,928.14
88,19,494.52
24,76,1788.48
21,106,1092.54
2,248,1890.21
122,32,724.58
29,14,168.12
11,122,597.63
18,26,156.78
43,50,693.51
3,3,41.989999999999995
8,543,2777.67
54,29,271.75
87,127,1032.58
36,503,3032.52
29,92,1456.17
11,201,578.71
210,8,101.4
47,381,1693.81
23,33,478.78
31,80,870.15
245,79,392.4
7,203,2993.7599999999998
34,86,868.9399999999999
7,43,944.9
37,138,646.83
3,180,619.23
2,224,1465.51
46,32,211.88
38,26,313.98
46,145,2293.14
16,45,749.01
259,70,560.13
45,101,719.81
11,63,251.03
29,28,439.65999999999997
42,32,236.09
136,8,138.9
80,9,284.4
309,29,331.24
91,98,547.9
5,1121,8366.67
195,21,366.3
86,53,645.88
269,37,669.32
7,26,471.78000000000003
64,63,1217.45
21,70,1177.47
37,37,648.59
119,82,1295.7
372,4,54.839999999999996
39,299,1074.81
173,10,137.9
53,34,362.06
32,79,1252.75
144,70,783.9
220,8,134.8
44,66,650.75
15,121,2263.12
65,178,1453.16
9,59,693.72
259,23,335.32
364,73,367.14
16,94,1054.81
21,28,419.78999999999996
44,21,326.24
287,19,326.97
2,124,1945.29
16,10,159.14
81,10,217.16
55,221,2650.22
100,20,392.78000000000003
298,37,390.28
22,167,981.51
58,35,842.91
154,18,315.06
114,51,817.86
106,1,17.0
11,61,982.23
263,11,195.62
239,10,185.04999999999998
87,53,861.39
49,39,731.9
70,76,1290.7
41,44,936.14
6,38,754.14
61,27,247.36
248,11,165.6
65,6,108.38
28,10,195.3
84,48,842.5
218,14,236.4
44,342,1320.95
142,15,143.9
182,30,161.38
170,8,135.75000000000003
9,279,1660.8799999999999
211,34,612.78
189,30,232.21
7,14,317.16
58,20,433.35999999999996
56,204,854.66
72,37,559.62
51,16,307.78
316,11,249.0
366,12,244.35000000000002
28,44,1292.35
38,39,609.45
17,82,1508.22
51,47,1055.02
3,230,3667.18
21,35,618.09
262,20,342.35
59,36,661.6800000000001
18,30,585.91
65,33,542.3
87,30,620.4
249,37,535.34
2,113,1946.52
8,218,3476.9900000000002
203,26,486.33
133,22,375.0
4,18,280.52
42,117,2053.02
268,10,290.5
49,85,1572.59
8,117,2255.79
15,13,310.55
281,13,303.2
64,8,162.72
1,469,5440.42
251,2,37.4
364,3,50.1
16,30,568.5
10,74,1528.3700000000001
7,79,1446.59
50,124,1838.25
58,3,73.2
94,67,1021.41
15,83,1373.77
125,20,376.75
93,58,1037.59
49,15,331.95
137,7,150.1
60,11,215.83
99,104,2046.88
72,10,163.94
71,5,102.64999999999999
66,14,255.31
63,40,913.83
16,31,529.41
22,214,3785.34
31,271,5519.57
44,67,981.86
15,10,155.48
39,5,125.23000000000002
2,94,1564.7
236,19,314.45
74,15,400.68100000000004
3,172,1068.8700000000001
2,110,1809.39
360,17,301.67
58,35,592.9
22,50,384.18
30,94,577.63
54,62,466.26
24,16,252.58
44,66,664.26
88,43,803.18
1,74,1613.24
88,22,371.82000000000005
18,41,690.34
78,5,82.5
170,42,862.95
80,14,242.35
266,34,639.83
234,14,238.85000000000002
29,57,1162.58
36,94,809.86
317,122,773.5500000000001
56,96,1295.3
44,132,1007.22
202,6,124.32000000000001
224,4,64.02
86,41,672.1
189,35,542.03
43,28,503.83
70,20,389.28000000000003
40,45,824.31
77,19,382.40000000000003
56,18,363.2
23,122,2050.34
9,655,2590.31
7,290,3490.16
33,50,324.1
211,91,1522.75
23,90,1413.66
169,16,114.56
61,7,152.94
52,57,1030.49
260,24,389.44
66,96,2119.91
16,270,2619.91
266,5,98.55000000000001
176,2,46.95
44,101,2151.25
50,9,175.75
16,119,728.54
8,245,4542.1
73,60,811.89
70,44,617.65
352,49,783.94
2,128,1279.8400000000001
116,25,411.7
372,65,351.75
196,33,559.87
176,3,75.0
99,22,346.38
20,105,1457.78
71,4,121.5
339,11,168.3
5,165,1525.81
30,103,812.68
169,8,142.5
121,17,302.25
21,114,2047.39
9,79,1328.55
268,20,301.9
22,24,405.1
126,10,182.22
25,134,3494.38
138,22,361.21999999999997
213,40,579.17
105,40,563.77
17,37,616.26
2,16,274.15000000000003
330,14,226.37
63,146,2260.11
119,66,1176.53
34,19,328.15
171,55,993.46
71,10,267.45
0,37,326.75
127,111,408.59000000000003
46,13,302.34000000000003
5,297,2848.12
13,310,3448.32
17,38,139.41
27,149,1477.2
36,10,151.05
156,9,120.3
283,18,94.05
106,141,534.31
24,66,1148.75
74,15,322.41
15,43,328.58
157,1,35.7
43,36,465.46000000000004
10,84,778.15
31,221,1365.65
290,9,53.5
20,57,1116.47
332,8,153.9
17,28,494.44
17,59,1247.46
62,39,395.8
197,31,211.77
32,34,658.88
0,101,1594.06
6,56,731.96
4,636,3450.41
9,104,891.21
31,76,660.07
52,5,109.36000000000001
11,52,705.79
17,42,332.01
18,18,327.3
36,127,800.67
1,67,379.11
17,115,1443.71
81,221,1301.91
32,92,355.73
65,109,466.73
8,120,822.86
266,2,55.2
246,22,309.85
3,105,1995.16
60,24,384.59
74,98,643.76
89,32,538.6
59,56,512.36
28,81,302.57
322,4,94.36
52,24,592.11
269,43,217.89
1,322,2772.81
56,81,1383.98
60,206,1482.06
153,79,1502.5
18,72,408.02
94,29,303.93
0,169,2657.42
264,56,241.25
311,10,177.5
69,23,443.05
309,3,6.85
18,58,154.35
12,164,1863.68
35,231,2022.98
18,44,211.7
53,30,135.99
56,31,262.2
21,7,126.25
43,47,200.27
26,69,870.8
44,95,631.12
112,46,691.79
16,96,2210.3900000000003
24,17,285.28
190,5,133.56
301,21,302.7
1,350,1680.4
262,8,187.96
105,1,4.95
56,4,110.94999999999999
212,75,578.28
63,7,143.4
27,16,120.66
28,106,1466.8
5,132,798.35
7,269,2864.07
66,24,381.2
1,171,609.3
45,84,654.67
33,63,230.51
205,2,2.9
135,34,255.91
197,19,182.99
197,40,707.69
149,10,241.12
87,13,217.17000000000002
44,2,6.9
63,99,1841.18
98,100,1448.88
217,8,161.56
2,202,3482.7400000000002
27,131,763.53
177,32,142.92
185,2,68.0
20,81,1377.4
19,230,1298.66
33,143,1410.3600000000001
73,1,12.5
23,171,625.42
51,164,752.77
274,13,223.95000000000002
164,18,316.11
6,334,1666.89
143,27,459.3
63,146,2494.46
24,17,331.0
9,35,300.83
75,51,613.77
15,18,220.62
191,19,139.35
173,25,404.3
76,42,363.65
32,28,438.8
46,37,624.3
79,53,1186.03
296,50,826.53
2,88,648.26
8,93,1480.52
49,128,2458.93
160,15,100.97
359,19,365.45
4,10,235.86
106,84,1431.93
24,83,465.88
19,3,90.30000000000001
296,12,287.2
371,13,248.1
21,158,871.53
18,29,509.34000000000003
51,106,1254.64
29,6,101.69999999999999
276,17,162.7
60,39,424.32
24,12,164.07999999999998
185,156,1046.57
1,232,5671.52
1,43,923.69
171,14,218.96
80,14,228.06
3,17,244.41
189,29,411.0
21,77,1244.59
18,175,1037.81
4,28,416.75
109,54,548.12
2,34,633.11
53,4,66.52
164,1,25.200000000000003
290,20,480.84999999999997
9,924,3973.7
108,251,2298.97
95,27,574.9
242,16,287.93
204,31,765.7
41,52,837.1
34,17,285.89
66,204,3093.59
23,8,145.05
0,447,7179.4400000000005
26,56,841.41
5,31,511.12
53,13,243.5
363,2,35.7
14,13,213.78
193,32,637.96
2,3,31.5
14,107,2429.56
26,87,1421.69
126,57,1009.6
84,42,663.61
70,28,451.44
182,9,105.84
112,4,50.099999999999994
373,14,233.45
79,21,410.18
248,3,48.75
231,13,225.15
70,33,459.24
68,9,107.30000000000001
3,210,3753.68
50,26,260.43
74,53,181.09
60,85,360.16
15,12,250.15
3,7,90.04
285,10,145.04999999999998
3,62,813.52
40,30,242.7
35,28,449.12
74,34,482.47
17,162,2365.06
14,268,5078.53
218,6,75.66
185,10,129.49
32,65,1136.66
69,30,618.59
182,25,438.69
14,32,420.52
235,3,38.75
30,85,1800.35
263,14,226.21
3,9,178.96
51,23,369.91
245,4,64.05000000000001
80,42,467.45
274,23,333.08
0,159,2794.73
78,20,322.8
29,114,1936.35
73,60,408.63
16,148,2672.65
371,8,164.8
31,67,1036.67
22,91,1420.06
30,45,895.51
105,12,231.10000000000002
4,32,593.23
245,27,487.51
177,62,833.78
169,14,214.06
42,19,290.65999999999997
71,22,376.82
58,49,1240.85
15,68,1153.26
140,29,601.27
17,242,2601.02
119,10,205.68
9,192,874.43
367,7,53.94
188,2,39.12
15,10,245.97
361,8,83.2
18,32,118.98
67,52,567.1800000000001
14,20,306.71999999999997
23,156,1348.88
16,251,4052.1
1,27,709.5
54,93,304.24
33,87,1461.28
2,155,2644.54
365,2,27.75
42,10,183.7
72,28,651.9399999999999
4,23,519.28
3,7,232.2
60,62,324.24
46,544,2959.88
0,60,1165.16
75,10,249.56
71,11,173.38
288,1,8.5
68,59,477.86
213,5,88.50000000000001
240,21,112.75
8,307,5032.0
8,93,1707.02
0,149,3743.91
36,123,531.35
45,24,450.83
84,57,1411.97
18,393,2416.99
2,11,365.64
17,436,3312.21
18,599,5459.59
218,86,879.06
77,17,140.92
23,191,3420.53
368,42,507.85
14,196,1770.22
25,25,152.95
261,37,292.47
16,201,3076.53
107,41,411.4
301,145,758.27
25,178,1358.74
363,44,256.32
45,262,994.58
37,650,6902.7
51,82,743.11
31,26,486.45
51,51,596.76
78,110,1945.31
297,1,3.75
176,11,226.45
28,188,2118.21
10,235,1242.16
86,306,3866.27
4,434,5896.17
37,40,727.9
17,69,1515.9
44,94,561.43
30,19,216.01999999999998
372,8,127.55
57,34,223.92000000000002
113,165,1475.43
214,13,239.4
318,7,106.83000000000001
64,21,300.04
7,41,739.99
96,11,209.82
19,59,993.24
198,20,342.75
3,700,2790.9500000000003
293,1,34.0
272,28,870.2
30,192,3322.96
47,52,368.09000000000003
259,38,361.54
57,140,757.1
32,254,2242.61
56,26,171.59
67,47,592.22
9,154,1505.66
59,70,326.54
79,48,222.62
73,16,245.94
1,259,4064.59
99,59,422.24
371,17,311.25
9,181,2112.85
19,2,60.0
122,148,594.39
7,5,80.8
3,93,1545.6200000000001
28,314,1705.78
281,12,110.38000000000001
56,16,243.84
0,278,1196.5
364,66,414.88
88,17,256.12
10,156,1162.65
162,69,1250.7
64,24,332.3
22,59,486.99
173,98,460.59
102,93,762.16
142,67,1121.59
98,22,227.22
22,149,914.69
191,14,250.14000000000001
4,28,547.07
360,12,204.15
7,425,1591.7
13,286,4055.25
102,28,417.06
2,83,1432.25
10,185,3188.87
95,26,497.61
226,38,358.38
15,25,415.64
38,24,460.78
50,22,341.7
92,8,128.5
156,11,197.22
38,23,325.91
202,11,136.65
0,42,783.88
227,24,413.46
127,10,180.85
39,10,175.55
30,160,2689.78
196,24,423.85
8,137,2641.11
36,112,1545.02
100,60,1096.19
42,321,6743.18
49,11,214.32
42,12,193.44
52,13,234.62
186,8,124.57
333,19,332.41
3,20,342.45
9,9,144.91000000000003
23,19,328.4
14,2,35.400000000000006
368,7,187.65
144,51,697.86
59,6,173.76
30,25,452.8
140,9,117.74
22,127,817.12
21,127,2279.14
76,1,12.75
4,261,5786.94
66,112,2095.53
11,156,846.62
83,3,13.3
30,173,1433.68
66,38,585.72
186,37,272.48
37,26,429.84000000000003
14,96,450.41
34,36,192.32999999999998
194,134,1527.67
1,186,742.43
0,97,518.19
366,45,145.93
64,62,202.27
298,37,289.78
25,157,501.03
7,122,1221.56
16,78,840.3100000000001
115,32,638.73
28,56,363.2
3,662,3430.55
4,189,2338.86
81,85,457.83
28,137,717.8
71,17,301.38
3,545,1508.96
28,86,1761.58
289,7,53.44
35,29,133.76
8,55,423.5
23,136,562.41
276,5,82.30000000000001
49,128,1068.82
155,322,2362.75
60,55,154.18
11,611,5980.5
20,79,732.79
370,14,230.25
275,3,72.35
79,190,2059.05
3,77,1295.39
25,52,327.89
4,886,4554.87
52,48,150.23000000000002
0,41,409.96
54,61,931.03
25,56,261.9
8,234,1878.43
51,304,3000.38
12,276,1857.29
211,31,692.23
21,247,4235.4
235,21,406.48
138,16,286.52
3,57,738.87
56,33,528.66
134,85,1229.9
108,16,167.61
29,1,20.8
0,42,968.88
184,24,467.82
17,15,248.94
238,15,337.44
86,7,117.35000000000001
38,101,507.05
115,14,234.17
186,7,110.55000000000001
226,26,201.19
44,7,159.49
188,21,319.02
3,31,439.43
38,41,602.71
37,40,232.21
77,39,344.33
3,83,1348.3
254,79,723.86
60,22,384.06
12,137,1612.77
87,389,3707.34
16,67,1380.68
29,1,20.8
2,126,1344.84
4,7,126.12
6,3,110.54999999999998
10,93,1614.31
29,26,757.1800000000001
287,5,117.0
149,2,15.4
22,22,305.82
0,165,3771.77
85,39,886.53
45,38,722.34
4,41,616.83
50,51,815.6800000000001
17,11,195.36
29,15,270.9
7,70,473.43
28,214,1838.6100000000001
2,191,4491.28
40,4,90.9
10,228,1258.08
30,7,71.0
44,3,95.85
60,5,99.65
369,3,33.15
78,148,877.5600000000001
63,11,146.87
11,21,317.95
85,23,419.94
15,26,497.87
245,28,433.53000000000003
87,75,1267.32
29,22,112.4
137,13,172.53
26,69,1071.49
2,97,1036.58
31,99,1427.3799999999999
112,21,288.44
156,18,311.42
84,65,1100.9
117,42,862.95
2,311,5028.11
95,305,3043.64
193,42,240.89000000000001
27,82,354.09
130,8,220.08
27,82,1290.93
81,62,1179.89
29,512,2989.67
265,4,81.60000000000001
73,63,1226.01
313,69,533.33
20,77,1416.14
58,60,778.95
11,292,4312.1900000000005
27,138,2447.55
113,62,304.24
27,135,2149.53
17,174,1446.09
17,76,774.62
35,18,350.76
35,25,194.6
21,6,145.29999999999998
24,63,288.91
32,76,1516.25
108,44,855.2
34,145,2498.9900000000002
122,185,1512.4
6,92,1520.68
27,115,1991.01
3,46,744.38
2,192,3648.36
49,122,1674.23
321,11,135.5
22,69,1017.56
14,45,872.88
1,211,954.42
17,65,971.74
29,32,703.53
261,1,25.5
158,90,665.78
32,337,3567.0
28,116,881.29
164,12,163.29999999999998
46,29,231.61
5,123,801.12
7,38,739.7
287,9,116.19999999999999
317,10,157.02
2,35,606.91
232,18,307.46
118,7,138.32
161,7,210.6
184,31,294.24
49,35,230.5
151,248,989.45
334,14,157.09
4,123,1873.17
15,3,32.400000000000006
106,23,413.2
15,48,848.41
275,24,380.5
15,430,7499.37
246,16,172.12
238,12,259.8
0,45,730.17
105,34,579.78
22,74,1252.44
51,9,124.88
194,7,130.2
23,14,213.78
74,23,329.34
17,18,112.5
7,11,192.64
31,65,1176.97
21,101,1538.88
30,229,3518.03
28,104,1715.46
77,2,63.7
32,144,2467.35
283,10,158.68
38,11,150.09
57,54,835.78
288,16,224.91
78,13,224.16
4,45,1299.6000000000001
217,4,59.9
43,59,1160.34
201,14,224.53
177,80,711.79
55,125,783.97
56,21,84.39999999999999
7,48,953.04
226,9,154.14999999999998
10,74,1396.39
105,60,383.75
58,17,193.69
27,234,1989.13
35,13,301.9
273,28,175.62
29,20,385.36
23,95,641.22
53,36,186.57999999999998
35,121,1058.79
174,51,1097.76
53,11,251.6
52,6,159.24
26,210,2267.2200000000003
252,1,3.95
39,157,2781.23
59,100,974.12
233,8,48.050000000000004
3,270,1909.47
31,25,114.23
23,467,3187.55
6,61,258.16
64,26,273.0
309,47,340.39
308,18,169.69
18,40,359.62
15,207,1856.17
95,47,318.76
263,39,842.65
11,531,3124.72
2,35,417.77
34,25,190.88
182,14,149.89000000000001
24,25,304.0
12,104,868.53
10,18,224.69
2,555,3719.1
312,13,264.0
107,27,466.24
0,351,5792.07
52,23,372.93
204,9,171.45
14,54,280.09000000000003
119,68,274.1
3,55,336.97
362,37,269.83
116,86,348.91
17,18,178.26
4,111,271.19
40,74,291.48
106,14,99.6
147,116,581.23
226,5,20.4
207,23,63.440000000000005
138,122,550.01
1,73,296.58
126,36,249.7
149,2,35.0
41,103,1480.43
34,25,107.82
227,68,976.25
240,15,246.04
57,7,60.33
173,78,532.76
59,290,1598.73
21,44,151.37
25,121,989.0600000000001
8,134,1111.75
31,99,658.82
3,96,513.01
7,126,1486.31
28,68,547.0
16,49,128.18
100,29,415.21999999999997
11,54,589.01
20,59,163.24
14,76,910.13
360,53,250.04
10,4,112.32000000000001
94,12,82.75
77,48,954.6
154,11,104.30000000000001
30,7,181.92000000000002
24,123,2078.4900000000002
1,449,4385.69
45,1,38.160000000000004
99,71,1086.42
7,99,657.16
14,195,906.52
17,44,472.34
279,6,96.8
13,30,340.95
85,28,494.25
301,10,236.82
150,521,1981.06
16,720,6442.54
93,8,160.56
29,315,6238.78
156,156,631.29
354,17,193.64
45,31,157.62
14,83,519.6899999999999
3,482,2577.12
14,213,1156.6
178,7,55.75
7,66,998.88
35,25,384.65
50,5,70.94
311,19,178.22
23,42,239.57
302,58,360.81
10,15,127.86
16,125,568.24
48,27,398.2
238,35,312.23
0,397,4007.83
12,460,4487.8
237,33,167.55
22,98,827.02
72,33,446.18
16,85,370.7
40,251,1337.18
39,57,646.92
218,28,495.77
198,69,400.1
70,24,203.2
23,393,3294.02
10,78,389.71999999999997
151,9,251.52
64,1,15.0
3,49,193.39000000000001
18,14,122.2
14,45,256.11
7,10,203.6
19,75,696.81
77,12,191.07999999999998
2,62,1316.9
306,56,417.27
218,3,48.349999999999994
148,2,55.5
21,87,584.21
114,36,565.78
125,204,1978.44
4,40,499.95
35,32,263.92
25,30,496.14
0,81,978.3100000000001
332,104,1203.42
162,2,32.65
184,6,127.45000000000002
15,61,1047.32
11,38,636.94
2,65,1204.06
184,3,28.0
79,10,168.29
29,240,4442.38
41,30,463.46000000000004
10,196,3645.67
49,30,598.83
15,112,1704.66
45,23,425.29
60,42,688.97
7,265,4503.78
71,1,30.0
37,206,3614.91
127,39,524.9200000000001
32,14,265.76
312,43,403.3
17,48,365.76
87,54,303.15999999999997
1,126,1900.82
1,8,170.39999999999998
253,17,388.45000000000005
156,4,84.42
36,134,2198.7599999999998
151,128,2056.22
176,9,120.9
39,36,541.53
1,276,2519.21
10,53,1426.52
0,99,1676.4
17,16,303.12
191,61,517.53
203,8,131.7
364,17,249.86
126,7,102.61
14,54,316.5
42,111,657.3
93,28,572.03
22,106,735.82
59,23,387.33
15,208,1875.86
157,7,147.16
9,41,763.28
9,5,137.0
15,87,1821.47
44,77,1077.37
190,174,697.54
78,14,194.37
77,29,511.82
3,81,1208.79
64,21,414.04
260,24,396.87
58,29,376.64
0,63,1079.44
0,92,2211.18
247,10,259.37
7,27,497.56
358,10,271.05
75,17,272.22
289,40,622.88
29,2,33.0
220,18,288.6
8,28,689.1
2,36,462.9
205,115,2080.6
161,50,1026.84
75,14,302.2
261,88,605.58
280,21,343.06
57,364,6083.64
24,20,308.48
2,296,5804.27
50,85,1438.6100000000001
71,2,69.6
127,40,208.65
30,87,639.02
14,135,764.88
308,11,153.94
16,77,1475.5
53,30,546.81
29,45,723.2099999999999
1,70,862.51
10,30,314.28000000000003
360,6,145.0
359,5,149.7
4,11,205.9
53,44,756.22
0,247,3200.25
0,390,2367.12
189,14,296.7
53,9,223.36
279,13,164.4
176,3,76.5
29,74,887.67
25,9,98.42
24,23,460.1
269,25,170.75
42,140,540.32
233,5,103.3
23,5,101.16
196,41,207.36
358,39,290.34
59,48,885.41
0,77,1255.63
19,105,480.31
205,5,82.9
13,33,482.06
94,19,418.17
18,45,165.12
13,62,1072.58
23,49,454.01
7,142,869.77
6,147,2595.82
331,29,344.14
49,270,1380.67
70,12,226.75000000000003
28,25,380.6
242,8,185.65
7,397,3334.13
217,4,96.66
4,50,448.90000000000003
311,44,168.02
0,391,7541.03
235,28,115.27
6,26,616.4
108,208,1116.68
99,14,307.38
59,247,2070.92
1,195,1418.52
72,144,1473.63
3,199,3067.62
84,50,993.18
11,82,386.69
22,257,2195.21
213,40,747.11
17,13,161.67000000000002
238,9,116.00999999999999
1,541,4278.9
77,10,144.72
216,63,309.36
32,56,191.99
40,233,1105.78
6,566,3915.12
52,134,1869.45
22,299,4023.25
56,98,386.32
129,12,189.8
5,65,806.58
311,74,214.37
59,4,81.44
20,15,338.5
32,32,479.35
14,50,843.48
17,305,1961.4
80,5,75.75
5,118,1502.32
169,26,503.59999999999997
1,39,528.33
30,67,1146.88
35,293,2130.9900000000002
18,20,285.56
30,35,547.0600000000001
275,7,108.5
119,39,667.29
372,8,101.55
0,152,2602.13
218,48,850.59
64,7,133.06
60,88,1648.28
137,52,868.49
20,8,166.08
11,229,3782.4
24,254,4582.93
37,38,668.12
276,22,117.55
10,78,1536.14
72,76,1319.09
25,13,281.42
16,153,2761.8
140,37,128.95
25,82,1596.8600000000001
18,43,604.64
3,13,272.76
65,115,2004.51
0,14,302.9
42,48,906.02
227,11,205.7
15,47,985.55
49,94,1826.77
1,216,1467.32
73,22,193.92
0,587,12329.42
3,75,1270.38
1,215,3522.52
263,16,298.11
52,8,296.45000000000005
23,11,184.4
9,118,2474.33
43,15,239.41
16,113,1806.5700000000002
6,277,5192.56
29,240,3736.8
357,19,290.40000000000003
126,44,650.9399999999999
136,16,200.47
141,15,283.12
131,33,600.14
37,106,1670.81
235,19,338.95
260,8,154.95
16,139,2289.84
252,24,417.95
29,70,1108.37
34,55,798.74
168,27,594.49
2,99,1637.52
3,314,6400.7
184,3,50.400000000000006
187,34,263.33
169,6,87.5
10,23,385.1
44,28,443.01
320,10,153.0
28,230,4398.99
231,6,139.35
37,256,4427.16
25,46,835.86
95,108,1792.84
172,3,104.5
70,38,884.5
15,187,3083.1
14,66,1060.25
3,165,2876.01
2,200,3687.3
78,67,1240.11
372,18,303.97
38,34,590.3100000000001
53,43,700.63
1,681,12592.51
8,25,377.44
8,10,168.24
18,93,1595.45
37,20,419.45000000000005
112,14,284.31
3,131,2076.4
239,6,110.25
177,34,595.3199999999999
4,184,1710.45
0,83,848.05
0,732,4846.64
18,404,3408.2000000000003
16,90,819.96
21,25,287.59
32,15,298.98
262,1,15.0
50,69,682.55
158,56,367.63
14,21,271.2
7,83,1183.7
12,296,3510.02
198,32,655.77
56,54,245.81
10,50,173.45
96,153,1213.73
254,3,56.4
24,190,647.56
20,80,600.82
158,11,98.77
71,67,283.47
52,13,131.94
84,68,266.85
152,127,1750.04
129,3,16.7
280,14,225.9
26,188,1906.3
29,10,106.1
24,52,300.34
179,45,342.83
39,81,690.0
21,111,780.43
21,403,2988.32
36,101,1067.21
81,137,1113.64
73,6,93.21000000000001
10,42,496.04
15,20,226.41
3,794,5404.47
12,133,699.81
13,348,1698.07
36,17,36.56
3,31,147.83
182,22,284.31
50,13,298.4
4,214,1936.53
22,64,1139.84
298,26,654.64
1,23,398.7
32,2,35.400000000000006
49,61,155.37
2,59,342.24
46,24,110.21000000000001
41,160,1433.68
26,107,2082.5
41,52,318.15
1,7628,35831.25
302,37,205.48
106,5,51.559999999999995
141,45,417.05
217,21,257.35
371,288,4732.46
11,24,114.34
184,13,120.01
372,17,208.97
1,5,102.35
220,4,88.3
5,175,2702.66
304,23,141.92000000000002
368,52,226.45000000000002
2,215,1879.92
323,9,150.9
58,136,2447.08
12,90,554.85
30,331,6316.16
142,6,150.55
29,65,254.74
106,39,383.18
1,267,1437.54
204,10,155.9
79,24,521.44
184,44,564.76
169,10,98.61
43,25,332.25
173,5,49.16
364,26,458.92
303,7,77.55
2,141,613.34
3,112,652.5699999999999
11,53,156.34
31,97,502.08
128,10,111.35
37,64,644.0
211,19,153.77
322,91,586.89
161,34,203.85999999999999
56,27,152.3
224,15,107.21
71,191,969.71
43,15,95.45
172,107,461.91
84,28,152.06
158,31,154.55
189,6,112.19999999999999
28,19,110.38
20,34,181.07
156,28,294.84
246,12,72.9
373,54,232.03
8,39,366.23
309,37,310.06
58,58,408.65
3,75,329.36
44,92,335.03
87,11,280.8
3,657,3654.97
63,142,820.23
11,7,214.14
132,21,397.29
44,22,141.14
35,28,467.52
133,64,338.4
28,90,1331.57
51,15,290.49
137,29,145.79
4,71,331.38
8,6,186.24
159,12,99.14
7,1,1.9
232,19,99.67999999999999
36,8,133.72
150,2,47.58
71,71,482.2
39,13,299.94
4,475,2193.17
218,18,394.1
248,1,12.75
65,31,111.68
116,5,85.16
170,26,73.78
20,248,1171.44
141,34,102.41
31,98,463.21
37,325,2599.19
150,61,594.43
371,42,112.27
373,81,265.1
165,13,153.2
210,27,400.79
241,30,135.19
51,14,287.24
24,165,703.99
14,271,2576.91
371,57,321.79
28,20,208.34
364,11,145.4
35,137,678.33
165,21,225.5
144,48,152.68
21,14,272.85
55,1,20.8
184,13,198.57
11,38,201.12
236,27,539.34
224,4,34.35
121,78,599.89
281,1,23.6
73,153,1195.0
36,91,380.39
11,57,415.13
361,37,157.92
3,53,226.47
22,20,275.08000000000004
69,25,331.19
234,31,247.39
256,13,111.2
372,28,102.78999999999999
154,31,187.29
27,30,162.22
3,46,120.03
31,121,1435.16
107,29,122.14
51,5,38.45
35,164,612.72
152,18,94.58
98,21,115.31
3,7,67.3
333,5,73.5
64,33,93.82000000000001
21,110,418.68
35,43,361.59
31,94,403.12
153,19,70.02
18,19,357.20000000000005
11,444,3228.64
53,6,93.35
24,115,529.29
3,125,1957.8600000000001
44,43,178.34
202,5,50.97
358,5,74.4
70,20,300.02
6,347,6072.96
287,19,363.65
9,1,6.959999999999999
22,17,253.35999999999999
21,28,752.53
172,24,545.92
132,3,48.0
5,137,2392.83
74,8,202.2
39,37,396.33
25,457,2009.24
257,24,408.0
185,17,200.64
113,52,1082.3
373,10,242.0
22,141,2540.9500000000003
7,219,2318.5299999999997
216,27,216.28
44,94,1175.41
35,17,343.45
25,70,680.84
329,25,446.95
273,7,101.34
60,37,166.03
1,16,407.2
92,13,276.2
81,45,966.1200000000001
312,17,313.65000000000003
11,196,849.06
7,93,1819.34
126,19,168.31
10,40,222.4
0,31,695.49
36,38,754.64
37,18,113.48000000000002
329,36,340.3
253,17,271.0
1,399,4235.15
19,37,198.8
11,26,352.69
289,28,220.1
67,370,1358.65
25,72,315.65
10,1260,5421.28
367,28,124.60000000000001
213,17,111.15
148,30,603.3
7,357,1793.06
23,33,492.84
29,192,1131.75
60,52,200.92000000000002
18,46,347.08
242,14,112.55000000000001
14,70,1059.39
28,14,131.55
62,35,614.53
294,7,104.95
17,108,2498.7
215,7,184.8
116,61,1000.16
30,25,618.95
12,220,2816.55
140,10,160.35000000000002
45,7,179.33999999999997
50,12,284.6
31,37,566.58
134,38,653.35
2,21,399.19
74,25,371.62
12,122,675.64
8,34,453.4
300,22,354.95
56,39,638.0600000000001
14,78,1500.8600000000001
36,24,399.65000000000003
176,8,78.66
22,22,586.86
175,130,1160.04
60,8,151.65
32,33,627.01
58,51,1049.84
30,148,3354.46
86,12,315.15999999999997
357,30,476.35
30,72,1278.47
128,97,1590.81
8,87,1471.69
4,119,1843.75
23,41,366.85
226,37,632.07
248,17,304.25
14,65,1370.8
77,68,1090.24
191,15,284.46000000000004
261,7,207.79999999999998
71,43,785.1700000000001
164,16,243.76
81,1,26.0
94,139,686.63
3,128,2024.42
105,30,150.35
199,67,1345.99
156,18,106.42
70,190,1863.49
35,32,517.36
28,8,139.10000000000002
1,131,2447.08
25,41,552.37
325,34,216.07
236,15,232.48000000000002
88,12,248.94
30,26,481.75
28,30,575.27
210,17,304.32
2,113,2019.77
21,64,1041.61
92,18,392.0
4,256,5299.5
263,10,158.95000000000002
2,254,4423.14
43,233,4618.39
217,5,93.75
56,28,651.95
11,112,2567.46
8,69,1492.96
191,118,1818.57
81,37,592.97
71,102,1679.18
29,48,837.69
2,61,987.1
218,86,1463.81
45,4,54.18000000000001
9,103,2013.69
71,66,1264.6299999999999
6,175,2567.06
232,1,29.5
122,46,724.12
16,8,95.34
309,21,349.27
50,94,518.27
88,6,103.3
38,116,2166.13
84,16,339.1
172,128,2320.78
42,21,324.24
139,13,149.48
25,61,1213.1599999999999
71,46,801.51
133,1,25.5
365,7,168.6
37,10,229.95
2,164,2960.68
29,11,175.92
43,13,236.86
57,8,110.38
73,9,173.9
277,10,180.60000000000002
180,7,80.82
7,12,178.05
3,721,2045.53
42,58,1068.74
