ds,trend,yhat_lower,yhat_upper,trend_lower,trend_upper,additive_terms,additive_terms_lower,additive_terms_upper,weekly,weekly_lower,weekly_upper,multiplicative_terms,multiplicative_terms_lower,multiplicative_terms_upper,yhat
2010-12-01,30609.9669088653,13514.208172823899,42696.78987289826,30609.9669088653,30609.9669088653,-2342.5786836202806,-2342.5786836202806,-2342.5786836202806,-2342.5786836202806,-2342.5786836202806,-2342.5786836202806,0.0,0.0,0.0,28267.38822524502
2010-12-02,30566.53059383627,20441.197629571772,52172.34899608113,30566.53059383627,30566.53059383627,6117.200635028095,6117.200635028095,6117.200635028095,6117.200635028095,6117.200635028095,6117.200635028095,0.0,0.0,0.0,36683.731228864366
2010-12-03,30523.09427880724,13926.485420342136,42251.271285242896,30523.09427880724,30523.09427880724,-2841.342941820663,-2841.342941820663,-2841.342941820663,-2841.342941820663,-2841.342941820663,-2841.342941820663,0.0,0.0,0.0,27681.751336986577
2010-12-05,30436.221648749175,-878.0599916142324,29296.721926678856,30436.221648749175,30436.221648749175,-17007.919190284767,-17007.919190284767,-17007.919190284767,-17007.919190284767,-17007.919190284767,-17007.919190284767,0.0,0.0,0.0,13428.302458464408
2010-12-06,30392.785333720145,14070.554377647095,43718.938853916414,30392.785333720145,30392.785333720145,-1866.9356043708326,-1866.9356043708326,-1866.9356043708326,-1866.9356043708326,-1866.9356043708326,-1866.9356043708326,0.0,0.0,0.0,28525.849729349313
2010-12-07,30349.349018691108,19943.199376084704,49697.20916967628,30349.349018691108,30349.349018691108,3951.7549326200237,3951.7549326200237,3951.7549326200237,3951.7549326200237,3951.7549326200237,3951.7549326200237,0.0,0.0,0.0,34301.10395131113
2010-12-08,30305.912703662074,13109.64027596702,42542.942811101384,30305.912703662074,30305.912703662074,-2342.5786837072587,-2342.5786837072587,-2342.5786837072587,-2342.5786837072587,-2342.5786837072587,-2342.5786837072587,0.0,0.0,0.0,27963.334019954815
2010-12-09,30262.476388633044,20924.670823414766,51683.65454820841,30262.476388633044,30262.476388633044,6117.200635042072,6117.200635042072,6117.200635042072,6117.200635042072,6117.200635042072,6117.200635042072,0.0,0.0,0.0,36379.67702367512
2010-12-10,30219.04007360401,12342.86288453194,43025.67911762437,30219.04007360401,30219.04007360401,-2841.342941820017,-2841.342941820017,-2841.342941820017,-2841.342941820017,-2841.342941820017,-2841.342941820017,0.0,0.0,0.0,27377.697131783993
2010-12-12,30132.16744354595,-2231.8189012599646,28508.146668267433,30132.16744354595,30132.16744354595,-17007.919190306653,-17007.919190306653,-17007.919190306653,-17007.919190306653,-17007.919190306653,-17007.919190306653,0.0,0.0,0.0,13124.248253239297
2010-12-13,30088.731128316827,13584.945137454803,43572.63993653784,30088.731128316827,30088.731128316827,-1866.9356044003337,-1866.9356044003337,-1866.9356044003337,-1866.9356044003337,-1866.9356044003337,-1866.9356044003337,0.0,0.0,0.0,28221.795523916495
2010-12-14,30045.29481308771,19588.145460502037,50092.60200043272,30045.29481308771,30045.29481308771,3951.7549325681257,3951.7549325681257,3951.7549325681257,3951.7549325681257,3951.7549325681257,3951.7549325681257,0.0,0.0,0.0,33997.04974565584
2010-12-15,30001.85849785859,11791.522382564828,42091.11839755316,30001.85849785859,30001.85849785859,-2342.5786836615184,-2342.5786836615184,-2342.5786836615184,-2342.5786836615184,-2342.5786836615184,-2342.5786836615184,0.0,0.0,0.0,27659.27981419707
2010-12-16,29958.422182629467,20853.051140459258,50582.45881963598,29958.422182629467,29958.422182629467,6117.200635056048,6117.200635056048,6117.200635056048,6117.200635056048,6117.200635056048,6117.200635056048,0.0,0.0,0.0,36075.622817685515
2010-12-17,29914.985867400348,11771.945076995908,41308.6139475402,29914.985867400348,29914.985867400348,-2841.342941800228,-2841.342941800228,-2841.342941800228,-2841.342941800228,-2841.342941800228,-2841.342941800228,0.0,0.0,0.0,27073.64292560012
2010-12-19,29828.113236942107,-1872.2787594340869,27511.016844276222,29828.113236942107,29828.113236942107,-17007.919190260724,-17007.919190260724,-17007.919190260724,-17007.919190260724,-17007.919190260724,-17007.919190260724,0.0,0.0,0.0,12820.194046681383
2010-12-20,29784.676921712988,11950.795867855228,43339.99425517094,29784.676921712988,29784.676921712988,-1866.9356044062472,-1866.9356044062472,-1866.9356044062472,-1866.9356044062472,-1866.9356044062472,-1866.9356044062472,0.0,0.0,0.0,27917.74131730674
2010-12-21,29741.24060648387,18638.896728541673,48669.218923013774,29741.24060648387,29741.24060648387,3951.7549326499884,3951.7549326499884,3951.7549326499884,3951.7549326499884,3951.7549326499884,3951.7549326499884,0.0,0.0,0.0,33692.99553913386
2010-12-22,29697.804291254746,11344.865563327241,41346.89904572869,29697.804291254746,29697.804291254746,-2342.5786836821367,-2342.5786836821367,-2342.5786836821367,-2342.5786836821367,-2342.5786836821367,-2342.5786836821367,0.0,0.0,0.0,27355.22560757261
2010-12-23,29654.36797851819,20506.908222769216,50445.53398127943,29654.36797851819,29654.36797851819,6117.200635013832,6117.200635013832,6117.200635013832,6117.200635013832,6117.200635013832,6117.200635013832,0.0,0.0,0.0,35771.56861353202
2011-01-04,29133.13222567948,17107.14488498472,47899.34045745497,29133.13222567948,29133.13222567948,3951.754932607826,3951.754932607826,3951.754932607826,3951.754932607826,3951.754932607826,3951.754932607826,0.0,0.0,0.0,33084.88715828731
2011-01-05,29089.69591294292,12614.80146393839,42083.09765098586,29089.69591294292,29089.69591294292,-2342.578683575475,-2342.578683575475,-2342.578683575475,-2342.578683575475,-2342.578683575475,-2342.578683575475,0.0,0.0,0.0,26747.117229367446
2011-01-06,29046.259600206362,19750.93015648882,50369.85477611554,29046.259600206362,29046.259600206362,6117.200635041783,6117.200635041783,6117.200635041783,6117.200635041783,6117.200635041783,6117.200635041783,0.0,0.0,0.0,35163.460235248145
2011-01-07,29002.823287469804,11148.923687978404,39749.29401191486,29002.823287469804,29002.823287469804,-2841.3429418449887,-2841.3429418449887,-2841.3429418449887,-2841.3429418449887,-2841.3429418449887,-2841.3429418449887,0.0,0.0,0.0,26161.480345624816
2011-01-09,28915.950661996685,-2760.047389479795,26343.766051698458,28915.950661996685,28915.950661996685,-17007.91919031822,-17007.91919031822,-17007.91919031822,-17007.91919031822,-17007.91919031822,-17007.91919031822,0.0,0.0,0.0,11908.031471678463
2011-01-10,28872.514349260124,12120.194336743105,41503.83166854403,28872.514349260124,28872.514349260124,-1866.935604447575,-1866.935604447575,-1866.935604447575,-1866.935604447575,-1866.935604447575,-1866.935604447575,0.0,0.0,0.0,27005.57874481255
2011-01-11,28829.07803652356,17709.595231814525,47304.34473345912,28829.07803652356,28829.07803652356,3951.754932628057,3951.754932628057,3951.754932628057,3951.754932628057,3951.754932628057,3951.754932628057,0.0,0.0,0.0,32780.83296915161
2011-01-12,28785.64172833653,11272.295843703707,40746.305145354716,28785.64172833653,28785.64172833653,-2342.578683662454,-2342.578683662454,-2342.578683662454,-2342.578683662454,-2342.578683662454,-2342.578683662454,0.0,0.0,0.0,26443.063044674076
2011-01-13,28742.20542014949,20170.168068947485,50911.33985882561,28742.20542014949,28742.20542014949,6117.200635055759,6117.200635055759,6117.200635055759,6117.200635055759,6117.200635055759,6117.200635055759,0.0,0.0,0.0,34859.40605520525
2011-01-14,28698.769111962454,11218.350141183735,40740.62225031471,28698.769111962454,28698.769111962454,-2841.3429418389783,-2841.3429418389783,-2841.3429418389783,-2841.3429418389783,-2841.3429418389783,-2841.3429418389783,0.0,0.0,0.0,25857.426170123475
2011-01-16,28611.896495588386,-2776.8672541134615,27365.586046857075,28611.896495588386,28611.896495588386,-17007.91919035727,-17007.91919035727,-17007.91919035727,-17007.91919035727,-17007.91919035727,-17007.91919035727,0.0,0.0,0.0,11603.977305231117
2011-01-17,28568.46018740135,11590.53435501697,41167.3850967847,28568.46018740135,28568.46018740135,-1866.935604389884,-1866.935604389884,-1866.935604389884,-1866.935604389884,-1866.935604389884,-1866.935604389884,0.0,0.0,0.0,26701.524583011465
2011-01-18,28525.023879214317,17359.674810825556,47851.09311639723,28525.023879214317,28525.023879214317,3951.754932648287,3951.754932648287,3951.754932648287,3951.754932648287,3951.754932648287,3951.754932648287,0.0,0.0,0.0,32476.778811862605
2011-01-19,28481.58757102728,11486.762035123831,41554.54415655234,28481.58757102728,28481.58757102728,-2342.578683601532,-2342.578683601532,-2342.578683601532,-2342.578683601532,-2342.578683601532,-2342.578683601532,0.0,0.0,0.0,26139.00888742575
2011-01-20,28438.15126284024,19897.85834220148,50099.39581222986,28438.15126284024,28438.15126284024,6117.200635013543,6117.200635013543,6117.200635013543,6117.200635013543,6117.200635013543,6117.200635013543,0.0,0.0,0.0,34555.35189785378
2011-01-21,28394.714954653213,10453.553167317346,41484.07344708525,28394.714954653213,28394.714954653213,-2841.342941838332,-2841.342941838332,-2841.342941838332,-2841.342941838332,-2841.342941838332,-2841.342941838332,0.0,0.0,0.0,25553.37201281488
2011-01-23,28307.84239017076,-4395.953244382708,26140.38665141756,28307.84239017076,28307.84239017076,-17007.919190311342,-17007.919190311342,-17007.919190311342,-17007.919190311342,-17007.919190311342,-17007.919190311342,0.0,0.0,0.0,11299.923199859419
2011-01-24,28264.40610792954,12320.784312117565,42226.6647716916,28264.40610792954,28264.40610792954,-1866.935604506578,-1866.935604506578,-1866.935604506578,-1866.935604506578,-1866.935604506578,-1866.935604506578,0.0,0.0,0.0,26397.47050342296
2011-01-25,28220.969825688313,18006.72798580295,47234.63925431363,28220.969825688313,28220.969825688313,3951.7549325858963,3951.7549325858963,3951.7549325858963,3951.7549325858963,3951.7549325858963,3951.7549325858963,0.0,0.0,0.0,32172.72475827421
2011-01-26,28177.53354344709,11832.277645901524,40987.72187770285,28177.53354344709,28177.53354344709,-2342.5786836221514,-2342.5786836221514,-2342.5786836221514,-2342.5786836221514,-2342.5786836221514,-2342.5786836221514,0.0,0.0,0.0,25834.95485982494
2011-01-27,28134.097261205865,19509.17167261254,48309.07212212661,28134.097261205865,28134.097261205865,6117.200634980069,6117.200634980069,6117.200634980069,6117.200634980069,6117.200634980069,6117.200634980069,0.0,0.0,0.0,34251.29789618593
2011-01-28,28090.66097896464,9155.772894878777,39958.76213337249,28090.66097896464,28090.66097896464,-2841.342941818544,-2841.342941818544,-2841.342941818544,-2841.342941818544,-2841.342941818544,-2841.342941818544,0.0,0.0,0.0,25249.318037146095
2011-01-30,28003.78841448219,-3874.3658432685243,26283.63140780339,28003.78841448219,28003.78841448219,-17007.919190333232,-17007.919190333232,-17007.919190333232,-17007.919190333232,-17007.919190333232,-17007.919190333232,0.0,0.0,0.0,10995.869224148959
2011-01-31,27960.35213224097,11910.344182288405,40877.54535251685,27960.35213224097,27960.35213224097,-1866.9356044488848,-1866.9356044488848,-1866.9356044488848,-1866.9356044488848,-1866.9356044488848,-1866.9356044488848,0.0,0.0,0.0,26093.416527792084
2011-02-01,27916.915849999736,16855.620876664798,46397.10146969896,27916.915849999736,27916.915849999736,3951.7549326061253,3951.7549326061253,3951.7549326061253,3951.7549326061253,3951.7549326061253,3951.7549326061253,0.0,0.0,0.0,31868.670782605863
2011-02-02,27877.528404236593,11035.05811257071,40410.972852282066,27877.528404236593,27877.528404236593,-2342.57868364277,-2342.57868364277,-2342.57868364277,-2342.57868364277,-2342.57868364277,-2342.57868364277,0.0,0.0,0.0,25534.949720593824
2011-02-03,27838.140958473443,18217.893001233206,49507.11139417918,27838.140958473443,27838.140958473443,6117.200635080206,6117.200635080206,6117.200635080206,6117.200635080206,6117.200635080206,6117.200635080206,0.0,0.0,0.0,33955.34159355365
2011-02-04,27798.753512710296,10342.697396611826,39442.80640991511,27798.753512710296,27798.753512710296,-2841.3429418508194,-2841.3429418508194,-2841.3429418508194,-2841.3429418508194,-2841.3429418508194,-2841.3429418508194,0.0,0.0,0.0,24957.410570859476
2011-02-06,27719.978621183996,-4344.032987669263,26197.384194528324,27719.978621183996,27719.978621183996,-17007.91919032979,-17007.91919032979,-17007.91919032979,-17007.91919032979,-17007.91919032979,-17007.91919032979,0.0,0.0,0.0,10712.059430854206
2011-02-07,27680.59117542085,10828.666825677117,41401.97407956273,27680.59117542085,27680.59117542085,-1866.935604454799,-1866.935604454799,-1866.935604454799,-1866.935604454799,-1866.935604454799,-1866.935604454799,0.0,0.0,0.0,25813.65557096605
2011-02-08,27641.2037296577,17381.492917412295,46292.30361882125,27641.2037296577,27641.2037296577,3951.754932554229,3951.754932554229,3951.754932554229,3951.754932554229,3951.754932554229,3951.754932554229,0.0,0.0,0.0,31592.958662211928
2011-02-09,27601.81628389455,10050.203201239725,40337.35409512197,27601.81628389455,27601.81628389455,-2342.5786836633893,-2342.5786836633893,-2342.5786836633893,-2342.5786836633893,-2342.5786836633893,-2342.5786836633893,0.0,0.0,0.0,25259.23760023116
2011-02-10,27562.428838131404,18878.1903407296,49314.155569431605,27562.428838131404,27562.428838131404,6117.200635085442,6117.200635085442,6117.200635085442,6117.200635085442,6117.200635085442,6117.200635085442,0.0,0.0,0.0,33679.629473216846
2011-02-11,27523.041392368254,10122.2292505814,38893.714401149155,27523.041392368254,27523.041392368254,-2841.3429418310307,-2841.3429418310307,-2841.3429418310307,-2841.3429418310307,-2841.3429418310307,-2841.3429418310307,0.0,0.0,0.0,24681.698450537224
2011-02-13,27455.65280472947,-4224.664817004313,24221.310144179723,27455.65280472947,27455.65280472947,-17007.919190326353,-17007.919190326353,-17007.919190326353,-17007.919190326353,-17007.919190326353,-17007.919190326353,0.0,0.0,0.0,10447.733614403118
2011-02-14,27421.958510910077,10248.435840391463,40217.002856451545,27421.958510910077,27421.958510910077,-1866.935604460713,-1866.935604460713,-1866.935604460713,-1866.935604460713,-1866.935604460713,-1866.935604460713,0.0,0.0,0.0,25555.022906449365
2011-02-15,27388.264217090687,16596.684199276122,46050.19690036095,27388.264217090687,27388.264217090687,3951.7549326360913,3951.7549326360913,3951.7549326360913,3951.7549326360913,3951.7549326360913,3951.7549326360913,0.0,0.0,0.0,31340.01914972678
2011-02-16,27354.569923271287,9874.375728635188,39171.16866633266,27354.569923271287,27354.569923271287,-2342.5786836024663,-2342.5786836024663,-2342.5786836024663,-2342.5786836024663,-2342.5786836024663,-2342.5786836024663,0.0,0.0,0.0,25011.99123966882
2011-02-17,27320.875629451897,17768.180741775628,46723.34899401185,27320.875629451897,27320.875629451897,6117.200635051966,6117.200635051966,6117.200635051966,6117.200635051966,6117.200635051966,6117.200635051966,0.0,0.0,0.0,33438.07626450386
2011-02-18,27287.181335632504,9843.804240261088,39128.61515686531,27287.181335632504,27287.181335632504,-2841.3429418303863,-2841.3429418303863,-2841.3429418303863,-2841.3429418303863,-2841.3429418303863,-2841.3429418303863,0.0,0.0,0.0,24445.838393802118
2011-02-20,27219.79274799372,-4744.970087289479,26189.472559835074,27219.79274799372,27219.79274799372,-17007.91919028858,-17007.91919028858,-17007.91919028858,-17007.91919028858,-17007.91919028858,-17007.91919028858,0.0,0.0,0.0,10211.873557705141
2011-02-21,27186.09845417433,8928.627560091423,40862.10895093551,27186.09845417433,27186.09845417433,-1866.9356044902133,-1866.9356044902133,-1866.9356044902133,-1866.9356044902133,-1866.9356044902133,-1866.9356044902133,0.0,0.0,0.0,25319.16284968412
2011-02-22,27164.36068411971,16349.158037216379,45977.9250791105,27164.36068411971,27164.36068411971,3951.754932584195,3951.754932584195,3951.754932584195,3951.754932584195,3951.754932584195,3951.754932584195,0.0,0.0,0.0,31116.115616703904
2011-02-23,27142.622914065094,9137.412800421193,40487.18762901297,27142.622914065094,27142.622914065094,-2342.5786836230855,-2342.5786836230855,-2342.5786836230855,-2342.5786836230855,-2342.5786836230855,-2342.5786836230855,0.0,0.0,0.0,24800.044230442007
2011-02-24,27120.885144010477,18690.335087573243,47795.80936969659,27120.885144010477,27120.885144010477,6117.20063501849,6117.20063501849,6117.20063501849,6117.20063501849,6117.20063501849,6117.20063501849,0.0,0.0,0.0,33238.08577902897
2011-02-25,27099.147373955857,8810.025866283999,40097.64733858228,27099.147373955857,27099.147373955857,-2841.342941829742,-2841.342941829742,-2841.342941829742,-2841.342941829742,-2841.342941829742,-2841.342941829742,0.0,0.0,0.0,24257.804432126115
2011-02-27,27055.671833846623,-5359.558305689463,25189.681569402168,27055.671833846623,27055.671833846623,-17007.91919028514,-17007.91919028514,-17007.91919028514,-17007.91919028514,-17007.91919028514,-17007.91919028514,0.0,0.0,0.0,10047.752643561482
2011-02-28,27033.934063792003,9871.811164197836,39836.32555339609,27033.934063792003,27033.934063792003,-1866.9356044325216,-1866.9356044325216,-1866.9356044325216,-1866.9356044325216,-1866.9356044325216,-1866.9356044325216,0.0,0.0,0.0,25166.99845935948
2011-03-01,27012.196293737386,15205.118366544757,45551.217784500295,27012.196293737386,27012.196293737386,3951.754932604424,3951.754932604424,3951.754932604424,3951.754932604424,3951.754932604424,3951.754932604424,0.0,0.0,0.0,30963.95122634181
2011-03-02,26990.458523682766,7270.682500759227,40152.21940653936,26990.458523682766,26990.458523682766,-2342.5786835773442,-2342.5786835773442,-2342.5786835773442,-2342.5786835773442,-2342.5786835773442,-2342.5786835773442,0.0,0.0,0.0,24647.879840105423
2011-03-03,26968.72075362815,17542.5980297125,48081.17754697999,26968.72075362815,26968.72075362815,6117.200635023724,6117.200635023724,6117.200635023724,6117.200635023724,6117.200635023724,6117.200635023724,0.0,0.0,0.0,33085.92138865187
2011-03-04,26961.681585323513,8470.563758713008,38464.911286778544,26961.681585323513,26961.681585323513,-2841.3429418428727,-2841.3429418428727,-2841.3429418428727,-2841.3429418428727,-2841.3429418428727,-2841.3429418428727,0.0,0.0,0.0,24120.33864348064
2011-03-06,26947.60324871423,-5163.065009067803,25651.667892007783,26947.60324871423,26947.60324871423,-17007.919190281707,-17007.919190281707,-17007.919190281707,-17007.919190281707,-17007.919190281707,-17007.919190281707,0.0,0.0,0.0,9939.684058432522
2011-03-07,26940.56408040959,9837.07008656227,39061.45807455425,26940.56408040959,26940.56408040959,-1866.9356043748267,-1866.9356043748267,-1866.9356043748267,-1866.9356043748267,-1866.9356043748267,-1866.9356043748267,0.0,0.0,0.0,25073.628476034763
2011-03-08,26933.52491210495,14295.845174425936,46167.91499611335,26933.52491210495,26933.52491210495,3951.754932624655,3951.754932624655,3951.754932624655,3951.754932624655,3951.754932624655,3951.754932624655,0.0,0.0,0.0,30885.279844729605
2011-03-09,26926.48574380031,10010.373081381686,39300.928054129385,26926.48574380031,26926.48574380031,-2342.578683700324,-2342.578683700324,-2342.578683700324,-2342.578683700324,-2342.578683700324,-2342.578683700324,0.0,0.0,0.0,24583.907060099984
2011-03-10,26919.44657549567,18061.480677503165,46893.20055979763,26919.44657549567,26919.44657549567,6117.200635037702,6117.200635037702,6117.200635037702,6117.200635037702,6117.200635037702,6117.200635037702,0.0,0.0,0.0,33036.647210533374
2011-03-11,26912.40740719103,9665.574227810523,40597.84728671154,26912.40740719103,26912.40740719103,-2841.3429418230835,-2841.3429418230835,-2841.3429418230835,-2841.3429418230835,-2841.3429418230835,-2841.3429418230835,0.0,0.0,0.0,24071.064465367945
2011-03-13,26898.329070581745,-5172.4839957813,24541.71204099844,26898.329070581745,26898.329070581745,-17007.919190320754,-17007.919190320754,-17007.919190320754,-17007.919190320754,-17007.919190320754,-17007.919190320754,0.0,0.0,0.0,9890.409880260991
2011-03-14,26891.2899022771,9361.065404423238,40265.2175707606,26891.2899022771,26891.2899022771,-1866.9356044043286,-1866.9356044043286,-1866.9356044043286,-1866.9356044043286,-1866.9356044043286,-1866.9356044043286,0.0,0.0,0.0,25024.354297872775
2011-03-15,26897.813820314008,15187.618768050206,45487.449012877914,26897.813820314008,26897.813820314008,3951.7549326343888,3951.7549326343888,3951.7549326343888,3951.7549326343888,3951.7549326343888,3951.7549326343888,0.0,0.0,0.0,30849.5687529484
2011-03-16,26904.337738350907,7657.918984376655,40073.511141614516,26904.337738350907,26904.337738350907,-2342.5786836545826,-2342.5786836545826,-2342.5786836545826,-2342.5786836545826,-2342.5786836545826,-2342.5786836545826,0.0,0.0,0.0,24561.759054696326
2011-03-17,26910.861656387813,17422.519413091817,49048.68618656492,26910.861656387813,26910.861656387813,6117.200635051678,6117.200635051678,6117.200635051678,6117.200635051678,6117.200635051678,6117.200635051678,0.0,0.0,0.0,33028.06229143949
2011-03-18,26917.385574424716,8399.956292606497,40338.99113622438,26917.385574424716,26917.385574424716,-2841.342941803295,-2841.342941803295,-2841.342941803295,-2841.342941803295,-2841.342941803295,-2841.342941803295,0.0,0.0,0.0,24076.042632621422
2011-03-20,26930.43341049852,-5308.91679757494,25385.50647274827,26930.43341049852,26930.43341049852,-17007.91919025766,-17007.91919025766,-17007.91919025766,-17007.91919025766,-17007.91919025766,-17007.91919025766,0.0,0.0,0.0,9922.51422024086
2011-03-21,26936.957328535424,9487.66524402674,40109.99009399986,26936.957328535424,26936.957328535424,-1866.9356044102435,-1866.9356044102435,-1866.9356044102435,-1866.9356044102435,-1866.9356044102435,-1866.9356044102435,0.0,0.0,0.0,25070.02172412518
2011-03-22,26943.481246572326,16542.54174305431,46768.25858345932,26943.481246572326,26943.481246572326,3951.754932582493,3951.754932582493,3951.754932582493,3951.754932582493,3951.754932582493,3951.754932582493,0.0,0.0,0.0,30895.236179154817
2011-03-23,26950.005164609232,9380.725198311613,39634.56537434677,26950.005164609232,26950.005164609232,-2342.5786836752013,-2342.5786836752013,-2342.5786836752013,-2342.5786836752013,-2342.5786836752013,-2342.5786836752013,0.0,0.0,0.0,24607.42648093403
2011-03-24,26956.529082646135,18489.467637707618,48005.12962347132,26956.529082646135,26956.529082646135,6117.200635018203,6117.200635018203,6117.200635018203,6117.200635018203,6117.200635018203,6117.200635018203,0.0,0.0,0.0,33073.72971766434
2011-03-25,26972.070092380614,9460.293286227068,39285.4772225234,26972.070092380614,26972.070092380614,-2841.342941816427,-2841.342941816427,-2841.342941816427,-2841.342941816427,-2841.342941816427,-2841.342941816427,0.0,0.0,0.0,24130.727150564187
2011-03-27,27003.15211184957,-5261.042225091877,25267.334682120552,27003.15211184957,27003.15211184957,-17007.919190296714,-17007.919190296714,-17007.919190296714,-17007.919190296714,-17007.919190296714,-17007.919190296714,0.0,0.0,0.0,9995.232921552855
2011-03-28,27018.693121584045,10460.22308421875,40625.5528650132,27018.693121584045,27018.693121584045,-1866.9356044161577,-1866.9356044161577,-1866.9356044161577,-1866.9356044161577,-1866.9356044161577,-1866.9356044161577,0.0,0.0,0.0,25151.757517167887
2011-03-29,27034.234131318524,16378.896911478343,45621.79853319271,27034.234131318524,27034.234131318524,3951.754932530596,3951.754932530596,3951.754932530596,3951.754932530596,3951.754932530596,3951.754932530596,0.0,0.0,0.0,30985.98906384912
2011-03-30,27049.775141053,9734.350751919626,39502.34461272571,27049.775141053,27049.775141053,-2342.578683614279,-2342.578683614279,-2342.578683614279,-2342.578683614279,-2342.578683614279,-2342.578683614279,0.0,0.0,0.0,24707.19645743872
2011-03-31,27065.316150787476,18740.781604114127,49101.12634212416,27065.316150787476,27065.316150787476,6117.200635070889,6117.200635070889,6117.200635070889,6117.200635070889,6117.200635070889,6117.200635070889,0.0,0.0,0.0,33182.516785858366
2011-04-01,27080.857160521955,8435.612832069062,37782.20198253988,27080.857160521955,27080.857160521955,-2841.3429418157825,-2841.3429418157825,-2841.3429418157825,-2841.3429418157825,-2841.3429418157825,-2841.3429418157825,0.0,0.0,0.0,24239.514218706172
2011-04-03,27111.939179990906,-5828.774997291807,24524.15336368486,27111.939179990906,27111.939179990906,-17007.919190293276,-17007.919190293276,-17007.919190293276,-17007.919190293276,-17007.919190293276,-17007.919190293276,0.0,0.0,0.0,10104.01998969763
2011-04-04,27134.762644461367,9569.496244281929,39946.23972267932,27134.762644461367,27134.762644461367,-1866.9356043584635,-1866.9356043584635,-1866.9356043584635,-1866.9356043584635,-1866.9356043584635,-1866.9356043584635,0.0,0.0,0.0,25267.827040102904
2011-04-05,27157.586108931824,14709.790884026834,44929.874193251446,27157.586108931824,27157.586108931824,3951.7549326019634,3951.7549326019634,3951.7549326019634,3951.7549326019634,3951.7549326019634,3951.7549326019634,0.0,0.0,0.0,31109.341041533786
2011-04-06,27180.409573402285,9713.100799716096,39632.81572858596,27180.409573402285,27180.409573402285,-2342.578683634898,-2342.578683634898,-2342.578683634898,-2342.578683634898,-2342.578683634898,-2342.578683634898,0.0,0.0,0.0,24837.830889767385
2011-04-07,27203.233037872742,18641.302148357856,48841.51920942533,27203.233037872742,27203.233037872742,6117.200635037413,6117.200635037413,6117.200635037413,6117.200635037413,6117.200635037413,6117.200635037413,0.0,0.0,0.0,33320.433672910156
2011-04-08,27226.056502343195,9347.500912090058,38505.21977596066,27226.056502343195,27226.056502343195,-2841.3429418151363,-2841.3429418151363,-2841.3429418151363,-2841.3429418151363,-2841.3429418151363,-2841.3429418151363,0.0,0.0,0.0,24384.71356052806
2011-04-10,27271.703431284113,-4904.620519807388,25215.471750534354,27271.703431284113,27271.703431284113,-17007.91919031516,-17007.91919031516,-17007.91919031516,-17007.91919031516,-17007.91919031516,-17007.91919031516,0.0,0.0,0.0,10263.784240968955
2011-04-11,27294.52689575457,10445.338084612345,40093.64891430042,27294.52689575457,27294.52689575457,-1866.9356044515714,-1866.9356044515714,-1866.9356044515714,-1866.9356044515714,-1866.9356044515714,-1866.9356044515714,0.0,0.0,0.0,25427.591291303
2011-04-12,27317.35036022503,16375.10705482378,47421.959096451916,27317.35036022503,27317.35036022503,3951.75493269432,3951.75493269432,3951.75493269432,3951.75493269432,3951.75493269432,3951.75493269432,0.0,0.0,0.0,31269.10529291935
2011-04-13,27340.17382469549,9578.639505450645,38340.09372234506,27340.17382469549,27340.17382469549,-2342.578683655516,-2342.578683655516,-2342.578683655516,-2342.578683655516,-2342.578683655516,-2342.578683655516,0.0,0.0,0.0,24997.595141039972
2011-04-14,27368.160389411256,17702.04392577525,48610.06330683001,27368.160389411256,27368.160389411256,6117.200635051389,6117.200635051389,6117.200635051389,6117.200635051389,6117.200635051389,6117.200635051389,0.0,0.0,0.0,33485.36102446265
2011-04-15,27396.146954127027,10928.677401437302,39327.410436379774,27396.146954127027,27396.146954127027,-2841.342941795347,-2841.342941795347,-2841.342941795347,-2841.342941795347,-2841.342941795347,-2841.342941795347,0.0,0.0,0.0,24554.80401233168
2011-04-17,27452.120083558566,-4869.942717061936,25708.523535772485,27452.120083558566,27452.120083558566,-17007.919190311717,-17007.919190311717,-17007.919190311717,-17007.919190311717,-17007.919190311717,-17007.919190311717,0.0,0.0,0.0,10444.200893246849
2011-04-18,27480.10664827434,9894.629038063713,41060.446904575656,27480.10664827434,27480.10664827434,-1866.9356043938787,-1866.9356043938787,-1866.9356043938787,-1866.9356043938787,-1866.9356043938787,-1866.9356043938787,0.0,0.0,0.0,25613.171043880462
2011-04-19,27508.093212990112,16651.227504629067,45804.222016092695,27508.093212990112,27508.093212990112,3951.754932642424,3951.754932642424,3951.754932642424,3951.754932642424,3951.754932642424,3951.754932642424,0.0,0.0,0.0,31459.848145632535
2011-04-20,27536.07977770588,10829.185036326357,39215.84596461307,27536.07977770588,27536.07977770588,-2342.578683676136,-2342.578683676136,-2342.578683676136,-2342.578683676136,-2342.578683676136,-2342.578683676136,0.0,0.0,0.0,25193.501094029743
2011-04-21,27564.066342421655,18425.749171025425,49318.85810323466,27564.066342421655,27564.066342421655,6117.200635009174,6117.200635009174,6117.200635009174,6117.200635009174,6117.200635009174,6117.200635009174,0.0,0.0,0.0,33681.26697743083
2011-04-26,27703.999166000507,15717.930149087184,46370.55329040135,27703.999166000507,27703.999166000507,3951.754932580033,3951.754932580033,3951.754932580033,3951.754932580033,3951.754932580033,3951.754932580033,0.0,0.0,0.0,31655.75409858054
2011-04-27,27731.98573071628,10024.161105132476,41393.979431539075,27731.98573071628,27731.98573071628,-2342.578683615214,-2342.578683615214,-2342.578683615214,-2342.578683615214,-2342.578683615214,-2342.578683615214,0.0,0.0,0.0,25389.407047101064
2011-04-28,27759.974384667945,19167.291746557235,48664.663174163514,27759.974384667945,27759.974384667945,6117.2006350231495,6117.2006350231495,6117.2006350231495,6117.2006350231495,6117.2006350231495,6117.2006350231495,0.0,0.0,0.0,33877.175019691094
2011-05-01,27843.940346522926,-3425.949470227762,26575.394327972615,27843.940346522926,27843.940346522926,-17007.919190304845,-17007.919190304845,-17007.919190304845,-17007.919190304845,-17007.919190304845,-17007.919190304845,0.0,0.0,0.0,10836.021156218081
2011-05-03,27899.917654426245,16256.243857384172,46812.67441121404,27899.917654426245,27899.917654426245,3951.754932600261,3951.754932600261,3951.754932600261,3951.754932600261,3951.754932600261,3951.754932600261,0.0,0.0,0.0,31851.672587026507
2011-05-04,27927.90630837791,9455.33620153408,41074.07744519201,27927.90630837791,27927.90630837791,-2342.5786837021933,-2342.5786837021933,-2342.5786837021933,-2342.5786837021933,-2342.5786837021933,-2342.5786837021933,0.0,0.0,0.0,25585.327624675716
2011-05-05,27955.89496232957,19032.68609556464,49757.748268573494,27955.89496232957,27955.89496232957,6117.200635037126,6117.200635037126,6117.200635037126,6117.200635037126,6117.200635037126,6117.200635037126,0.0,0.0,0.0,34073.09559736669
2011-05-06,27983.88361628123,9653.357284154923,39849.67335354538,27983.88361628123,27983.88361628123,-2841.3429418401097,-2841.3429418401097,-2841.3429418401097,-2841.3429418401097,-2841.3429418401097,-2841.3429418401097,0.0,0.0,0.0,25142.54067444112
2011-05-08,28039.86092418455,-4159.269681209403,25679.211857974213,28039.86092418455,28039.86092418455,-17007.919190326727,-17007.919190326727,-17007.919190326727,-17007.919190326727,-17007.919190326727,-17007.919190326727,0.0,0.0,0.0,11031.941733857824
2011-05-09,28067.84957813621,10644.676626772201,40885.101089565745,28067.84957813621,28067.84957813621,-1866.9356044587937,-1866.9356044587937,-1866.9356044587937,-1866.9356044587937,-1866.9356044587937,-1866.9356044587937,0.0,0.0,0.0,26200.913973677416
2011-05-10,28095.838232087877,16358.23819413191,46208.69131109602,28095.838232087877,28095.838232087877,3951.754932548366,3951.754932548366,3951.754932548366,3951.754932548366,3951.754932548366,3951.754932548366,0.0,0.0,0.0,32047.593164636244
2011-05-11,28123.829828861963,10408.048474067267,40984.12235468342,28123.829828861963,28123.829828861963,-2342.578683656452,-2342.578683656452,-2342.578683656452,-2342.578683656452,-2342.578683656452,-2342.578683656452,0.0,0.0,0.0,25781.25114520551
2011-05-12,28151.821425636055,19444.122310069237,47857.96509906315,28151.821425636055,28151.821425636055,6117.200635051102,6117.200635051102,6117.200635051102,6117.200635051102,6117.200635051102,6117.200635051102,0.0,0.0,0.0,34269.02206068716
2011-05-13,28179.813022410144,10003.574115003667,38869.6205183883,28179.813022410144,28179.813022410144,-2841.3429418340966,-2841.3429418340966,-2841.3429418340966,-2841.3429418340966,-2841.3429418340966,-2841.3429418340966,0.0,0.0,0.0,25338.470080576048
2011-05-15,28235.79621595833,-4288.0457596053975,26002.30546503395,28235.79621595833,28235.79621595833,-17007.9191902808,-17007.9191902808,-17007.9191902808,-17007.9191902808,-17007.9191902808,-17007.9191902808,0.0,0.0,0.0,11227.877025677528
2011-05-16,28263.78781273242,10605.147000143748,40533.043995296495,28263.78781273242,28263.78781273242,-1866.935604464708,-1866.935604464708,-1866.935604464708,-1866.935604464708,-1866.935604464708,-1866.935604464708,0.0,0.0,0.0,26396.852208267712
2011-05-17,28291.77940950651,17386.74311484283,46383.485551551385,28291.77940950651,28291.77940950651,3951.754932640723,3951.754932640723,3951.754932640723,3951.754932640723,3951.754932640723,3951.754932640723,0.0,0.0,0.0,32243.534342147235
2011-05-18,28319.771006280596,11145.411040122639,40717.65790349065,28319.771006280596,28319.771006280596,-2342.5786835955305,-2342.5786835955305,-2342.5786835955305,-2342.5786835955305,-2342.5786835955305,-2342.5786835955305,0.0,0.0,0.0,25977.192322685067
2011-05-19,28347.76260305469,19252.620909688147,49041.8700758055,28347.76260305469,28347.76260305469,6117.200635047595,6117.200635047595,6117.200635047595,6117.200635047595,6117.200635047595,6117.200635047595,0.0,0.0,0.0,34464.96323810228
2011-05-20,28375.80813339791,11237.974983337881,41197.336442823405,28375.80813339791,28375.80813339791,-2841.3429418334513,-2841.3429418334513,-2841.3429418334513,-2841.3429418334513,-2841.3429418334513,-2841.3429418334513,0.0,0.0,0.0,25534.465191564457
2011-05-22,28431.89919408435,-4107.68627640441,26820.785522670005,28431.89919408435,28431.89919408435,-17007.91919031985,-17007.91919031985,-17007.91919031985,-17007.91919031985,-17007.91919031985,-17007.91919031985,0.0,0.0,0.0,11423.9800037645
2011-05-23,28459.944724427576,11604.04656169514,42180.36122952182,28459.944724427576,28459.944724427576,-1866.9356044942099,-1866.9356044942099,-1866.9356044942099,-1866.9356044942099,-1866.9356044942099,-1866.9356044942099,0.0,0.0,0.0,26593.009119933366
2011-05-24,28487.9902547708,17999.38910690107,48289.27543224139,28487.9902547708,28487.9902547708,3951.754932578331,3951.754932578331,3951.754932578331,3951.754932578331,3951.754932578331,3951.754932578331,0.0,0.0,0.0,32439.74518734913
2011-05-25,28516.035785114018,11030.737258001884,41331.68900912518,28516.035785114018,28516.035785114018,-2342.5786836161496,-2342.5786836161496,-2342.5786836161496,-2342.5786836161496,-2342.5786836161496,-2342.5786836161496,0.0,0.0,0.0,26173.45710149787
2011-05-26,28544.081315457242,20523.009820801966,49584.368402332235,28544.081315457242,28544.081315457242,6117.200635061571,6117.200635061571,6117.200635061571,6117.200635061571,6117.200635061571,6117.200635061571,0.0,0.0,0.0,34661.281950518816
2011-05-27,28572.126845800463,10860.783547234345,41095.31505682811,28572.126845800463,28572.126845800463,-2841.342941832807,-2841.342941832807,-2841.342941832807,-2841.342941832807,-2841.342941832807,-2841.342941832807,0.0,0.0,0.0,25730.783903967655
2011-05-29,28628.217906486905,-3320.338212325809,26054.438471669957,28628.217906486905,28628.217906486905,-17007.919190341738,-17007.919190341738,-17007.919190341738,-17007.919190341738,-17007.919190341738,-17007.919190341738,0.0,0.0,0.0,11620.298716145167
2011-05-31,28684.308967173354,17541.646126142386,48160.070610210314,28684.308967173354,28684.308967173354,3951.7549325985615,3951.7549325985615,3951.7549325985615,3951.7549325985615,3951.7549325985615,3951.7549325985615,0.0,0.0,0.0,32636.063899771914
2011-06-01,28714.570050385268,11238.397796500663,41489.99938731643,28714.570050385268,28714.570050385268,-2342.5786835704075,-2342.5786835704075,-2342.5786835704075,-2342.5786835704075,-2342.5786835704075,-2342.5786835704075,0.0,0.0,0.0,26371.99136681486
2011-06-02,28744.831133597178,19888.295923748614,50380.995163963235,28744.831133597178,28744.831133597178,6117.200635028097,6117.200635028097,6117.200635028097,6117.200635028097,6117.200635028097,6117.200635028097,0.0,0.0,0.0,34862.031768625275
2011-06-03,28775.09221680909,9982.50599747186,40898.66936442327,28775.09221680909,28775.09221680909,-2841.342941845938,-2841.342941845938,-2841.342941845938,-2841.342941845938,-2841.342941845938,-2841.342941845938,0.0,0.0,0.0,25933.749274963153
2011-06-05,28835.614383232918,-3849.0232916647647,27334.56083445236,28835.614383232918,28835.614383232918,-17007.919190278644,-17007.919190278644,-17007.919190278644,-17007.919190278644,-17007.919190278644,-17007.919190278644,0.0,0.0,0.0,11827.695192954274
2011-06-06,28865.87546644483,12883.496963621254,40810.81005569485,28865.87546644483,28865.87546644483,-1866.9356044424298,-1866.9356044424298,-1866.9356044424298,-1866.9356044424298,-1866.9356044424298,-1866.9356044424298,0.0,0.0,0.0,26998.9398620024
2011-06-07,28896.13654965674,17342.773188738,48926.40098705436,28896.13654965674,28896.13654965674,3951.754932618791,3951.754932618791,3951.754932618791,3951.754932618791,3951.754932618791,3951.754932618791,0.0,0.0,0.0,32847.89148227553
2011-06-08,28926.397632868655,12203.565079810614,41199.62321129549,28926.397632868655,28926.397632868655,-2342.5786836573875,-2342.5786836573875,-2342.5786836573875,-2342.5786836573875,-2342.5786836573875,-2342.5786836573875,0.0,0.0,0.0,26583.81894921127
2011-06-09,28956.65871608056,19976.991404797456,51969.43458960461,28956.65871608056,28956.65871608056,6117.200635080783,6117.200635080783,6117.200635080783,6117.200635080783,6117.200635080783,6117.200635080783,0.0,0.0,0.0,35073.85935116134
2011-06-10,28986.91979929248,10479.459230732062,40986.21092418616,28986.91979929248,28986.91979929248,-2841.342941826149,-2841.342941826149,-2841.342941826149,-2841.342941826149,-2841.342941826149,-2841.342941826149,0.0,0.0,0.0,26145.57685746633
2011-06-12,29063.454307019983,-3442.646506449962,26856.835905342283,29063.454307019983,29063.454307019983,-17007.919190317694,-17007.919190317694,-17007.919190317694,-17007.919190317694,-17007.919190317694,-17007.919190317694,0.0,0.0,0.0,12055.535116702289
2011-06-13,29101.721560883732,11053.397845400052,43253.145117279906,29101.721560883732,29101.721560883732,-1866.9356043847379,-1866.9356043847379,-1866.9356043847379,-1866.9356043847379,-1866.9356043847379,-1866.9356043847379,0.0,0.0,0.0,27234.785956498996
2011-06-14,29139.988814747485,17222.14842883622,48744.50713416803,29139.988814747485,29139.988814747485,3951.754932628527,3951.754932628527,3951.754932628527,3951.754932628527,3951.754932628527,3951.754932628527,0.0,0.0,0.0,33091.743747376015
2011-06-15,29178.256068611234,11421.520305863227,40648.07011904531,29178.256068611234,29178.256068611234,-2342.578683647646,-2342.578683647646,-2342.578683647646,-2342.578683647646,-2342.578683647646,-2342.578683647646,0.0,0.0,0.0,26835.677384963587
2011-06-16,29216.52332247499,20151.50153547415,50167.09194041215,29216.52332247499,29216.52332247499,6117.2006350473075,6117.2006350473075,6117.2006350473075,6117.2006350473075,6117.2006350473075,6117.2006350473075,0.0,0.0,0.0,35333.7239575223
2011-06-17,29254.790576338743,11375.660147116176,41040.884547553724,29254.790576338743,29254.790576338743,-2841.342941825506,-2841.342941825506,-2841.342941825506,-2841.342941825506,-2841.342941825506,-2841.342941825506,0.0,0.0,0.0,26413.447634513235
2011-06-19,29331.325084066244,-2842.3681272005847,27674.97743394765,29331.325084066244,29331.325084066244,-17007.919190254597,-17007.919190254597,-17007.919190254597,-17007.919190254597,-17007.919190254597,-17007.919190254597,0.0,0.0,0.0,12323.405893811647
2011-06-20,29369.592337929997,11271.168515000196,43273.16433513272,29369.592337929997,29369.592337929997,-1866.9356044778451,-1866.9356044778451,-1866.9356044778451,-1866.9356044778451,-1866.9356044778451,-1866.9356044778451,0.0,0.0,0.0,27502.656733452153
2011-06-21,29407.859591793753,17725.569047000532,49973.03366422082,29407.859591793753,29407.859591793753,3951.75493257663,3951.75493257663,3951.75493257663,3951.75493257663,3951.75493257663,3951.75493257663,0.0,0.0,0.0,33359.61452437038
2011-06-22,29464.720014760187,11198.45690380017,42712.786183461874,29464.720014760187,29464.720014760187,-2342.5786836682655,-2342.5786836682655,-2342.5786836682655,-2342.5786836682655,-2342.5786836682655,-2342.5786836682655,0.0,0.0,0.0,27122.141331091923
2011-06-23,29521.580437726632,20532.991534895235,50582.12873348722,29521.580437726632,29521.580437726632,6117.200635013832,6117.200635013832,6117.200635013832,6117.200635013832,6117.200635013832,6117.200635013832,0.0,0.0,0.0,35638.781072740465
2011-06-24,29578.440860693066,11490.048088379237,41131.493150082475,29578.440860693066,29578.440860693066,-2841.3429418057162,-2841.3429418057162,-2841.3429418057162,-2841.3429418057162,-2841.3429418057162,-2841.3429418057162,0.0,0.0,0.0,26737.09791888735
2011-06-26,29692.161706625946,-2272.980080500942,28077.157429747782,29692.161706625946,29692.161706625946,-17007.91919029365,-17007.91919029365,-17007.91919029365,-17007.91919029365,-17007.91919029365,-17007.91919029365,0.0,0.0,0.0,12684.242516332295
2011-06-27,29749.022129592384,13745.839229087533,43504.27707812056,29749.022129592384,29749.022129592384,-1866.935604420151,-1866.935604420151,-1866.935604420151,-1866.935604420151,-1866.935604420151,-1866.935604420151,0.0,0.0,0.0,27882.08652517223
2011-06-28,29805.882552558825,18768.240820001956,48897.89695339419,29805.882552558825,29805.882552558825,3951.7549325968607,3951.7549325968607,3951.7549325968607,3951.7549325968607,3951.7549325968607,3951.7549325968607,0.0,0.0,0.0,33757.63748515568
2011-06-29,29862.742975525263,11932.519356159204,41939.46614423959,29862.742975525263,29862.742975525263,-2342.578683622523,-2342.578683622523,-2342.578683622523,-2342.578683622523,-2342.578683622523,-2342.578683622523,0.0,0.0,0.0,27520.16429190274
2011-06-30,29919.603398491698,21201.40418465715,51120.80103395802,29919.603398491698,29919.603398491698,6117.200635066519,6117.200635066519,6117.200635066519,6117.200635066519,6117.200635066519,6117.200635066519,0.0,0.0,0.0,36036.80403355822
2011-07-01,29989.686868930574,10917.810814604672,42826.72770522823,29989.686868930574,29989.686868930574,-2841.3429418379906,-2841.3429418379906,-2841.3429418379906,-2841.3429418379906,-2841.3429418379906,-2841.3429418379906,0.0,0.0,0.0,27148.343927092585
2011-07-03,30129.85380980834,-1614.303766145979,28854.88072229312,30129.85380980834,30129.85380980834,-17007.919190290213,-17007.919190290213,-17007.919190290213,-17007.919190290213,-17007.919190290213,-17007.919190290213,0.0,0.0,0.0,13121.934619518128
2011-07-04,30199.937280247217,12816.50665335024,43235.011418471266,30199.937280247217,30199.937280247217,-1866.9356043624607,-1866.9356043624607,-1866.9356043624607,-1866.9356043624607,-1866.9356043624607,-1866.9356043624607,0.0,0.0,0.0,28333.001675884756
2011-07-05,30270.020750686093,19869.33979578449,49573.2017085123,30270.020750686093,30270.020750686093,3951.754932544964,3951.754932544964,3951.754932544964,3951.754932544964,3951.754932544964,3951.754932544964,0.0,0.0,0.0,34221.775683231055
2011-07-06,30340.104221124977,12656.569361479722,42801.928791663595,30340.104221124977,30340.104221124977,-2342.5786836279626,-2342.5786836279626,-2342.5786836279626,-2342.5786836279626,-2342.5786836279626,-2342.5786836279626,0.0,0.0,0.0,27997.525537497015
2011-07-07,30410.187691563853,22022.780206936448,51558.03928982048,30410.187691563853,30410.187691563853,6117.200635033043,6117.200635033043,6117.200635033043,6117.200635033043,6117.200635033043,6117.200635033043,0.0,0.0,0.0,36527.3883265969
2011-07-08,30480.27116200273,12317.348038343573,42650.306249668065,30480.27116200273,30480.27116200273,-2841.3429418182036,-2841.3429418182036,-2841.3429418182036,-2841.3429418182036,-2841.3429418182036,-2841.3429418182036,0.0,0.0,0.0,27638.928220184527
2011-07-10,30620.438102880493,-1500.3438242376342,28391.77607821849,30620.438102880493,30620.438102880493,-17007.919190329263,-17007.919190329263,-17007.919190329263,-17007.919190329263,-17007.919190329263,-17007.919190329263,0.0,0.0,0.0,13612.51891255123
2011-07-11,30690.52157331937,14510.664137096777,43478.801346830754,30690.52157331937,30690.52157331937,-1866.9356044555664,-1866.9356044555664,-1866.9356044555664,-1866.9356044555664,-1866.9356044555664,-1866.9356044555664,0.0,0.0,0.0,28823.5859688638
2011-07-12,30777.200227496447,19432.738444144423,50238.1947494888,30777.200227496447,30777.200227496447,3951.7549326268245,3951.7549326268245,3951.7549326268245,3951.7549326268245,3951.7549326268245,3951.7549326268245,0.0,0.0,0.0,34728.955160123274
2011-07-13,30863.878881673525,14391.998150018948,43209.126392091224,30863.878881673525,30863.878881673525,-2342.578683648581,-2342.578683648581,-2342.578683648581,-2342.578683648581,-2342.578683648581,-2342.578683648581,0.0,0.0,0.0,28521.300198024943
2011-07-14,30950.557535850596,20816.414849700242,52468.093072057214,30950.557535850596,30950.557535850596,6117.20063504702,6117.20063504702,6117.20063504702,6117.20063504702,6117.20063504702,6117.20063504702,0.0,0.0,0.0,37067.758170897614
2011-07-15,31037.236190027666,12948.034572533883,42989.33809043135,31037.236190027666,31037.236190027666,-2841.342941798414,-2841.342941798414,-2841.342941798414,-2841.342941798414,-2841.342941798414,-2841.342941798414,0.0,0.0,0.0,28195.89324822925
2011-07-17,31210.593498381822,-902.1537243850037,30403.286783289845,31210.593498381822,31210.593498381822,-17007.919190308658,-17007.919190308658,-17007.919190308658,-17007.919190308658,-17007.919190308658,-17007.919190308658,0.0,0.0,0.0,14202.674308073165
2011-07-18,31297.2721525589,13338.699095861497,44884.02603795645,31297.2721525589,31297.2721525589,-1866.9356043978737,-1866.9356043978737,-1866.9356043978737,-1866.9356043978737,-1866.9356043978737,-1866.9356043978737,0.0,0.0,0.0,29430.336548161027
2011-07-19,31383.950806735975,20166.77913909054,50636.44511218286,31383.950806735975,31383.950806735975,3951.7549326365597,3951.7549326365597,3951.7549326365597,3951.7549326365597,3951.7549326365597,3951.7549326365597,0.0,0.0,0.0,35335.70573937253
2011-07-20,31470.629460913045,14496.541572343236,45013.055902598186,31470.629460913045,31470.629460913045,-2342.5786836691996,-2342.5786836691996,-2342.5786836691996,-2342.5786836691996,-2342.5786836691996,-2342.5786836691996,0.0,0.0,0.0,29128.050777243847
2011-07-21,31557.308115090123,23017.789688126697,52750.234196565485,31557.308115090123,31557.308115090123,6117.200635013544,6117.200635013544,6117.200635013544,6117.200635013544,6117.200635013544,6117.200635013544,0.0,0.0,0.0,37674.50875010367
2011-07-22,31657.890895190325,14083.554681437648,44881.99421108986,31657.890895190325,31657.890895190325,-2841.3429418306887,-2841.3429418306887,-2841.3429418306887,-2841.3429418306887,-2841.3429418306887,-2841.3429418306887,0.0,0.0,0.0,28816.547953359637
2011-07-24,31859.05645539074,-531.7605098308333,28320.922703610377,31859.05645539074,31859.05645539074,-17007.91919030522,-17007.91919030522,-17007.91919030522,-17007.91919030522,-17007.91919030522,-17007.91919030522,0.0,0.0,0.0,14851.13726508552
2011-07-25,31959.639235490955,15115.339038179136,45020.16999688016,31959.639235490955,31959.639235490955,-1866.9356044037886,-1866.9356044037886,-1866.9356044037886,-1866.9356044037886,-1866.9356044037886,-1866.9356044037886,0.0,0.0,0.0,30092.703631087166
2011-07-26,32060.222015591156,20158.210678492043,49522.95610933442,32060.222015591156,32060.222015591156,3951.7549326567896,3951.7549326567896,3951.7549326567896,3951.7549326567896,3951.7549326567896,3951.7549326567896,0.0,0.0,0.0,36011.976948247946
2011-07-27,32160.80479569137,14373.930098727878,45047.59423870614,32160.80479569137,32160.80479569137,-2342.578683608278,-2342.578683608278,-2342.578683608278,-2342.578683608278,-2342.578683608278,-2342.578683608278,0.0,0.0,0.0,29818.22611208309
2011-07-28,32261.38757579157,23017.02988685094,52223.03929450384,32261.38757579157,32261.38757579157,6117.200635018779,6117.200635018779,6117.200635018779,6117.200635018779,6117.200635018779,6117.200635018779,0.0,0.0,0.0,38378.58821081035
2011-07-29,32361.97035589178,13934.00138101745,44280.32378688924,32361.97035589178,32361.97035589178,-2841.342941824677,-2841.342941824677,-2841.342941824677,-2841.342941824677,-2841.342941824677,-2841.342941824677,0.0,0.0,0.0,29520.6274140671
2011-07-31,32563.135916092193,-335.7579303564466,31018.18501134071,32563.135916092193,32563.135916092193,-17007.91919030178,-17007.91919030178,-17007.91919030178,-17007.91919030178,-17007.91919030178,-17007.91919030178,0.0,0.0,0.0,15555.216725790411
2011-08-01,32663.7186961924,15668.567806676587,46023.45095140866,32663.7186961924,32663.7186961924,-1866.935604346096,-1866.935604346096,-1866.935604346096,-1866.935604346096,-1866.935604346096,-1866.935604346096,0.0,0.0,0.0,30796.783091846304
2011-08-02,32774.00313745629,22164.071547678795,51441.40572546618,32774.00313745629,32774.00313745629,3951.7549325944,3951.7549325944,3951.7549325944,3951.7549325944,3951.7549325944,3951.7549325944,0.0,0.0,0.0,36725.75807005069
2011-08-03,32884.28757872017,15297.526144588679,45240.135436884346,32884.28757872017,32884.28757872017,-2342.578683695258,-2342.578683695258,-2342.578683695258,-2342.578683695258,-2342.578683695258,-2342.578683695258,0.0,0.0,0.0,30541.708895024913
2011-08-04,32994.57201998406,24403.81902509908,54572.89315822204,32994.57201998406,32994.57201998406,6117.200635032756,6117.200635032756,6117.200635032756,6117.200635032756,6117.200635032756,6117.200635032756,0.0,0.0,0.0,39111.772655016815
2011-08-05,33104.85646124794,15748.444168896027,45471.85117526619,33104.85646124794,33104.85646124794,-2841.342941843176,-2841.342941843176,-2841.342941843176,-2841.342941843176,-2841.342941843176,-2841.342941843176,0.0,0.0,0.0,30263.51351940476
2011-08-07,33325.42534377571,1799.1713165881347,31932.161833109203,33325.42534377571,33325.42534377571,-17007.919190323668,-17007.919190323668,-17007.919190323668,-17007.919190323668,-17007.919190323668,-17007.919190323668,0.0,0.0,0.0,16317.50615345204
2011-08-08,33435.70978503959,16715.331947563296,47797.1782606777,33435.70978503959,33435.70978503959,-1866.935604375597,-1866.935604375597,-1866.935604375597,-1866.935604375597,-1866.935604375597,-1866.935604375597,0.0,0.0,0.0,31568.77418066399
2011-08-09,33545.994226303475,22849.448379765523,51787.6479619588,33545.994226303475,33545.994226303475,3951.7549325425034,3951.7549325425034,3951.7549325425034,3951.7549325425034,3951.7549325425034,3951.7549325425034,0.0,0.0,0.0,37497.74915884598
2011-08-10,33656.27866756737,16542.99280646133,46777.725136127156,33656.27866756737,33656.27866756737,-2342.5786836495167,-2342.5786836495167,-2342.5786836495167,-2342.5786836495167,-2342.5786836495167,-2342.5786836495167,0.0,0.0,0.0,31313.699983917853
2011-08-11,33769.92029422615,24090.188962500637,53702.16977907592,33769.92029422615,33769.92029422615,6117.200635046732,6117.200635046732,6117.200635046732,6117.200635046732,6117.200635046732,6117.200635046732,0.0,0.0,0.0,39887.12092927288
2011-08-12,33883.56192088492,15619.011574301456,46387.12185722585,33883.56192088492,33883.56192088492,-2841.3429418371643,-2841.3429418371643,-2841.3429418371643,-2841.3429418371643,-2841.3429418371643,-2841.3429418371643,0.0,0.0,0.0,31042.218979047753
2011-08-14,34110.84517420249,1715.888105314748,32738.841688546847,34110.84517420249,34110.84517420249,-17007.91919027774,-17007.91919027774,-17007.91919027774,-17007.91919027774,-17007.91919027774,-17007.91919027774,0.0,0.0,0.0,17102.925983924753
2011-08-15,34224.486800861276,17888.47956634546,47973.384470536,34224.486800861276,34224.486800861276,-1866.9356044687036,-1866.9356044687036,-1866.9356044687036,-1866.9356044687036,-1866.9356044687036,-1866.9356044687036,0.0,0.0,0.0,32357.55119639257
2011-08-16,34338.12842752006,23596.127933680902,53405.589693283146,34338.12842752006,34338.12842752006,3951.7549326348612,3951.7549326348612,3951.7549326348612,3951.7549326348612,3951.7549326348612,3951.7549326348612,0.0,0.0,0.0,38289.88336015492
2011-08-17,34451.770054178836,17287.002514914668,47643.96253126793,34451.770054178836,34451.770054178836,-2342.5786836701345,-2342.5786836701345,-2342.5786836701345,-2342.5786836701345,-2342.5786836701345,-2342.5786836701345,0.0,0.0,0.0,32109.191370508703
2011-08-18,34565.41168083762,25600.53883665481,55459.16732201913,34565.41168083762,34565.41168083762,6117.200635004516,6117.200635004516,6117.200635004516,6117.200635004516,6117.200635004516,6117.200635004516,0.0,0.0,0.0,40682.61231584214
2011-08-19,34679.053307496404,16808.405295339428,46735.86750153546,34679.053307496404,34679.053307496404,-2841.342941836518,-2841.342941836518,-2841.342941836518,-2841.342941836518,-2841.342941836518,-2841.342941836518,0.0,0.0,0.0,31837.710365659885
2011-08-21,34906.33656081396,2735.4287649748117,32094.057495110348,34906.33656081396,34906.33656081396,-17007.919190316792,-17007.919190316792,-17007.919190316792,-17007.919190316792,-17007.919190316792,-17007.919190316792,0.0,0.0,0.0,17898.417370497165
2011-08-22,35019.991998992184,18025.177539419226,47813.66754925465,35019.991998992184,35019.991998992184,-1866.9356044746191,-1866.9356044746191,-1866.9356044746191,-1866.9356044746191,-1866.9356044746191,-1866.9356044746191,0.0,0.0,0.0,33153.05639451757
2011-08-23,35133.64743717041,23781.81891773563,54215.28623131658,35133.64743717041,35133.64743717041,3951.7549325724676,3951.7549325724676,3951.7549325724676,3951.7549325724676,3951.7549325724676,3951.7549325724676,0.0,0.0,0.0,39085.40236974288
2011-08-24,35247.30287534863,17582.31053683758,48354.48906357002,35247.30287534863,35247.30287534863,-2342.578683609213,-2342.578683609213,-2342.578683609213,-2342.578683609213,-2342.578683609213,-2342.578683609213,0.0,0.0,0.0,32904.72419173941
2011-08-25,35360.958313526855,26012.274174583516,55517.82368722355,35360.958313526855,35360.958313526855,6117.200635065944,6117.200635065944,6117.200635065944,6117.200635065944,6117.200635065944,6117.200635065944,0.0,0.0,0.0,41478.1589485928
2011-08-26,35474.613751705074,18064.7739353468,48386.80087417776,35474.613751705074,35474.613751705074,-2841.342941835872,-2841.342941835872,-2841.342941835872,-2841.342941835872,-2841.342941835872,-2841.342941835872,0.0,0.0,0.0,32633.270809869202
2011-08-28,35701.92462806152,3331.3449658082072,34936.53758730495,35701.92462806152,35701.92462806152,-17007.91919031335,-17007.91919031335,-17007.91919031335,-17007.91919031335,-17007.91919031335,-17007.91919031335,0.0,0.0,0.0,18694.00543774817
2011-08-30,35929.23550441796,25033.062435479696,54743.20687213055,35929.23550441796,35929.23550441796,3951.754932592699,3951.754932592699,3951.754932592699,3951.754932592699,3951.754932592699,3951.754932592699,0.0,0.0,0.0,39880.99043701065
2011-08-31,36042.89094259618,18636.515387085838,49096.387243716825,36042.89094259618,36042.89094259618,-2342.5786835634717,-2342.5786835634717,-2342.5786835634717,-2342.5786835634717,-2342.5786835634717,-2342.5786835634717,0.0,0.0,0.0,33700.31225903271
2011-09-01,36156.5463807744,27157.533706049802,57047.135101458996,36156.5463807744,36156.5463807744,6117.200635023727,6117.200635023727,6117.200635023727,6117.200635023727,6117.200635023727,6117.200635023727,0.0,0.0,0.0,42273.74701579813
2011-09-02,36270.20246183632,17684.73287343526,48894.681845418316,36270.20246183632,36270.20246183632,-2841.342941835229,-2841.342941835229,-2841.342941835229,-2841.342941835229,-2841.342941835229,-2841.342941835229,0.0,0.0,0.0,33428.85952000109
2011-09-04,36497.51462396015,3928.306080016005,34178.6175966975,36497.51462396015,36497.51462396015,-17007.919190335237,-17007.919190335237,-17007.919190335237,-17007.919190335237,-17007.919190335237,-17007.919190335237,0.0,0.0,0.0,19489.595433624916
2011-09-05,36611.17070502207,19401.80284534934,49857.89490668667,36611.17070502207,36611.17070502207,-1866.9356044464262,-1866.9356044464262,-1866.9356044464262,-1866.9356044464262,-1866.9356044464262,-1866.9356044464262,0.0,0.0,0.0,34744.23510057564
2011-09-06,36724.826786083984,26128.09727199476,55563.49366860034,36724.826786083984,36724.826786083984,3951.7549326129283,3951.7549326129283,3951.7549326129283,3951.7549326129283,3951.7549326129283,3951.7549326129283,0.0,0.0,0.0,40676.581718696914
2011-09-07,36838.4828671459,19861.439221167835,50122.811996862416,36838.4828671459,36838.4828671459,-2342.5786836504517,-2342.5786836504517,-2342.5786836504517,-2342.5786836504517,-2342.5786836504517,-2342.5786836504517,0.0,0.0,0.0,34495.904183495455
2011-09-08,36952.13894820782,28080.868376378447,59039.772238316815,36952.13894820782,36952.13894820782,6117.200635076413,6117.200635076413,6117.200635076413,6117.200635076413,6117.200635076413,6117.200635076413,0.0,0.0,0.0,43069.339583284236
2011-09-09,37065.79502926975,19589.9271774182,48491.91492261524,37065.79502926975,37065.79502926975,-2841.3429418292153,-2841.3429418292153,-2841.3429418292153,-2841.3429418292153,-2841.3429418292153,-2841.3429418292153,0.0,0.0,0.0,34224.452087440535
2011-09-11,37293.107191393574,5889.333451808283,35047.58008335743,37293.107191393574,37293.107191393574,-17007.919190272143,-17007.919190272143,-17007.919190272143,-17007.919190272143,-17007.919190272143,-17007.919190272143,0.0,0.0,0.0,20285.18800112143
2011-09-12,37406.7632724555,20135.148627447863,50870.619805480565,37406.7632724555,37406.7632724555,-1866.9356043887335,-1866.9356043887335,-1866.9356043887335,-1866.9356043887335,-1866.9356043887335,-1866.9356043887335,0.0,0.0,0.0,35539.82766806677
2011-09-13,37520.41935351741,25884.525457783635,56491.51465191784,37520.41935351741,37520.41935351741,3951.7549326331596,3951.7549326331596,3951.7549326331596,3951.7549326331596,3951.7549326331596,3951.7549326331596,0.0,0.0,0.0,41472.17428615057
2011-09-14,37634.07543457933,20480.21188809467,49619.641314658846,37634.07543457933,37634.07543457933,-2342.5786835895287,-2342.5786835895287,-2342.5786835895287,-2342.5786835895287,-2342.5786835895287,-2342.5786835895287,0.0,0.0,0.0,35291.496750989805
2011-09-15,37747.73151564125,29914.581803536108,59701.796290608356,37747.73151564125,37747.73151564125,6117.200635042937,6117.200635042937,6117.200635042937,6117.200635042937,6117.200635042937,6117.200635042937,0.0,0.0,0.0,43864.93215068419
2011-09-16,37861.38759670317,18866.044982751842,49177.04364306456,37861.38759670317,37861.38759670317,-2841.342941828571,-2841.342941828571,-2841.342941828571,-2841.342941828571,-2841.342941828571,-2841.342941828571,0.0,0.0,0.0,35020.0446548746
2011-09-18,38088.699758827,5284.787464563871,35762.454412318526,38088.699758827,38088.699758827,-17007.9191902687,-17007.9191902687,-17007.9191902687,-17007.9191902687,-17007.9191902687,-17007.9191902687,0.0,0.0,0.0,21080.7805685583
2011-09-19,38202.35583988892,21428.541241472725,52772.185665646524,38202.35583988892,38202.35583988892,-1866.9356044818408,-1866.9356044818408,-1866.9356044818408,-1866.9356044818408,-1866.9356044818408,-1866.9356044818408,0.0,0.0,0.0,36335.42023540708
2011-09-20,38316.01192095084,26696.794038137297,56441.443585320376,38316.01192095084,38316.01192095084,3951.754932570767,3951.754932570767,3951.754932570767,3951.754932570767,3951.754932570767,3951.754932570767,0.0,0.0,0.0,42267.76685352161
2011-09-21,38429.66800201276,21015.1150423668,50147.74566124401,38429.66800201276,38429.66800201276,-2342.5786836101483,-2342.5786836101483,-2342.5786836101483,-2342.5786836101483,-2342.5786836101483,-2342.5786836101483,0.0,0.0,0.0,36087.08931840261
2011-09-22,38543.32408307468,30019.13705091907,60693.920284100364,38543.32408307468,38543.32408307468,6117.200635056914,6117.200635056914,6117.200635056914,6117.200635056914,6117.200635056914,6117.200635056914,0.0,0.0,0.0,44660.52471813159
2011-09-23,38656.9801641366,21566.544773280613,50648.49990105316,38656.9801641366,38656.9801641366,-2841.342941808782,-2841.342941808782,-2841.342941808782,-2841.342941808782,-2841.342941808782,-2841.342941808782,0.0,0.0,0.0,35815.637222327816
2011-09-25,38884.29232626043,7881.465849001063,36830.22631906945,38884.29232626043,38884.29232626043,-17007.9191902481,-17007.9191902481,-17007.9191902481,-17007.9191902481,-17007.9191902481,-17007.9191902481,0.0,0.0,0.0,21876.37313601233
2011-09-26,38997.94840732235,21730.14109509726,51954.762592999476,38997.94840732235,38997.94840732235,-1866.935604424148,-1866.935604424148,-1866.935604424148,-1866.935604424148,-1866.935604424148,-1866.935604424148,0.0,0.0,0.0,37131.0128028982
2011-09-27,39111.60448838427,26952.11140862371,58409.16603951392,39111.60448838427,39111.60448838427,3951.7549325909968,3951.7549325909968,3951.7549325909968,3951.7549325909968,3951.7549325909968,3951.7549325909968,0.0,0.0,0.0,43063.35942097526
2011-09-28,39225.26056944619,22209.295026980017,51459.44368596433,39225.26056944619,39225.26056944619,-2342.578683615586,-2342.578683615586,-2342.578683615586,-2342.578683615586,-2342.578683615586,-2342.578683615586,0.0,0.0,0.0,36882.6818858306
2011-09-29,39338.91665050811,30906.250597584232,60710.735062092295,39338.91665050811,39338.91665050811,6117.200635070891,6117.200635070891,6117.200635070891,6117.200635070891,6117.200635070891,6117.200635070891,0.0,0.0,0.0,45456.117285579
2011-09-30,39452.57273157003,21835.807299594766,52010.54163809873,39452.57273157003,39452.57273157003,-2841.3429418410574,-2841.3429418410574,-2841.3429418410574,-2841.3429418410574,-2841.3429418410574,-2841.3429418410574,0.0,0.0,0.0,36611.22978972897
2011-10-02,39679.88489369386,6775.102883920914,37508.36614873039,39679.88489369386,39679.88489369386,-17007.91919028715,-17007.91919028715,-17007.91919028715,-17007.91919028715,-17007.91919028715,-17007.91919028715,0.0,0.0,0.0,22671.96570340671
2011-10-03,39793.54097475578,22846.014929022498,53507.477162168165,39793.54097475578,39793.54097475578,-1866.9356044300616,-1866.9356044300616,-1866.9356044300616,-1866.9356044300616,-1866.9356044300616,-1866.9356044300616,0.0,0.0,0.0,37926.60537032572
2011-10-04,39907.1970558177,28881.611405788102,59093.805574761245,39907.1970558177,39907.1970558177,3951.7549325391,3951.7549325391,3951.7549325391,3951.7549325391,3951.7549325391,3951.7549325391,0.0,0.0,0.0,43858.9519883568
2011-10-05,40020.85313687961,22270.265225570132,53381.5867826998,40020.85313687961,40020.85313687961,-2342.578683621026,-2342.578683621026,-2342.578683621026,-2342.578683621026,-2342.578683621026,-2342.578683621026,0.0,0.0,0.0,37678.274453258586
2011-10-06,40134.50921794154,31192.39549730656,61950.643207505236,40134.50921794154,40134.50921794154,6117.200635076126,6117.200635076126,6117.200635076126,6117.200635076126,6117.200635076126,6117.200635076126,0.0,0.0,0.0,46251.70985301766
2011-10-07,40248.165299003456,21858.215659289534,53052.721415973494,40248.165299003456,40248.165299003456,-2841.3429418212695,-2841.3429418212695,-2841.3429418212695,-2841.3429418212695,-2841.3429418212695,-2841.3429418212695,0.0,0.0,0.0,37406.82235718219
2011-10-09,40475.47746112729,8132.626828088161,38456.046953478435,40475.47746112729,40475.47746112729,-17007.9191903262,-17007.9191903262,-17007.9191903262,-17007.9191903262,-17007.9191903262,-17007.9191903262,0.0,0.0,0.0,23467.558270801088
2011-10-10,40589.13354218921,23841.68494120688,53480.685699862865,40589.13354218921,40589.13354218921,-1866.9356044359756,-1866.9356044359756,-1866.9356044359756,-1866.9356044359756,-1866.9356044359756,-1866.9356044359756,0.0,0.0,0.0,38722.19793775323
2011-10-11,40702.78962325113,28685.185306013802,60771.264240081946,40702.78962325113,40702.78962325113,3951.754932620962,3951.754932620962,3951.754932620962,3951.754932620962,3951.754932620962,3951.754932620962,0.0,0.0,0.0,44654.54455587209
2011-10-12,40816.44570431304,23473.743335514526,55480.346265019514,40816.44570431304,40816.44570431304,-2342.578683641644,-2342.578683641644,-2342.578683641644,-2342.578683641644,-2342.578683641644,-2342.578683641644,0.0,0.0,0.0,38473.867020671394
2011-10-13,40930.10178537496,31805.551790541973,62525.20857499614,40930.10178537496,40930.10178537496,6117.20063504265,6117.20063504265,6117.20063504265,6117.20063504265,6117.20063504265,6117.20063504265,0.0,0.0,0.0,47047.30242041761
2011-10-14,41043.757866436885,23014.782813944556,53238.72055465477,41043.757866436885,41043.757866436885,-2841.3429418206238,-2841.3429418206238,-2841.3429418206238,-2841.3429418206238,-2841.3429418206238,-2841.3429418206238,0.0,0.0,0.0,38202.41492461626
2011-10-16,41271.070028560716,8903.616838233593,39606.06700376904,41271.070028560716,41271.070028560716,-17007.919190305594,-17007.919190305594,-17007.919190305594,-17007.919190305594,-17007.919190305594,-17007.919190305594,0.0,0.0,0.0,24263.150838255122
2011-10-17,41384.726109622636,24460.943800007797,54610.23830884267,41384.726109622636,41384.726109622636,-1866.9356044654762,-1866.9356044654762,-1866.9356044654762,-1866.9356044654762,-1866.9356044654762,-1866.9356044654762,0.0,0.0,0.0,39517.79050515716
2011-10-18,41498.382190684555,30414.83972899304,60352.565435946955,41498.382190684555,41498.382190684555,3951.7549325690657,3951.7549325690657,3951.7549325690657,3951.7549325690657,3951.7549325690657,3951.7549325690657,0.0,0.0,0.0,45450.13712325362
2011-10-19,41612.03827174647,24381.31591350354,53507.91917376697,41612.03827174647,41612.03827174647,-2342.5786836622638,-2342.5786836622638,-2342.5786836622638,-2342.5786836622638,-2342.5786836622638,-2342.5786836622638,0.0,0.0,0.0,39269.4595880842
2011-10-20,41725.69435280839,32690.07107520108,63635.63989212269,41725.69435280839,41725.69435280839,6117.200635009174,6117.200635009174,6117.200635009174,6117.200635009174,6117.200635009174,6117.200635009174,0.0,0.0,0.0,47842.89498781756
2011-10-21,41839.350433870306,24639.052584201178,53165.937393873515,41839.350433870306,41839.350433870306,-2841.342941819979,-2841.342941819979,-2841.342941819979,-2841.342941819979,-2841.342941819979,-2841.342941819979,0.0,0.0,0.0,38998.007492050325
2011-10-23,42066.662595994145,10020.411636261866,41226.44007382025,42066.662595994145,42066.662595994145,-17007.919190302156,-17007.919190302156,-17007.919190302156,-17007.919190302156,-17007.919190302156,-17007.919190302156,0.0,0.0,0.0,25058.74340569199
2011-10-24,42180.31867705606,26012.84654353982,55616.04125440689,42180.31867705606,42180.31867705606,-1866.935604407785,-1866.935604407785,-1866.935604407785,-1866.935604407785,-1866.935604407785,-1866.935604407785,0.0,0.0,0.0,40313.38307264827
2011-10-25,42293.97475811798,31776.21148566466,62167.89190297262,42293.97475811798,42293.97475811798,3951.7549326509284,3951.7549326509284,3951.7549326509284,3951.7549326509284,3951.7549326509284,3951.7549326509284,0.0,0.0,0.0,46245.72969076891
2011-10-26,42407.630839179896,24726.380618469826,56609.51417257483,42407.630839179896,42407.630839179896,-2342.578683616522,-2342.578683616522,-2342.578683616522,-2342.578683616522,-2342.578683616522,-2342.578683616522,0.0,0.0,0.0,40065.052155563375
2011-10-27,42521.286920241815,33601.59634692323,64040.95118235426,42521.286920241815,42521.286920241815,6117.200635014409,6117.200635014409,6117.200635014409,6117.200635014409,6117.200635014409,6117.200635014409,0.0,0.0,0.0,48638.48755525622
2011-10-28,42634.943001303734,24735.443014484074,53879.71395790611,42634.943001303734,42634.943001303734,-2841.34294183311,-2841.34294183311,-2841.34294183311,-2841.34294183311,-2841.34294183311,-2841.34294183311,0.0,0.0,0.0,39793.60005947063
2011-10-30,42862.25516342757,10545.880645391235,40513.8540363105,42862.25516342757,42862.25516342757,-17007.91919029872,-17007.91919029872,-17007.91919029872,-17007.91919029872,-17007.91919029872,-17007.91919029872,0.0,0.0,0.0,25854.335973128855
2011-10-31,42975.91124448949,25113.60475081617,56210.203474972106,42975.91124448949,42975.91124448949,-1866.935604350091,-1866.935604350091,-1866.935604350091,-1866.935604350091,-1866.935604350091,-1866.935604350091,0.0,0.0,0.0,41108.975640139404
2011-11-01,43089.567325551405,32320.757201592867,60957.35275308384,43089.567325551405,43089.567325551405,3951.7549325885357,3951.7549325885357,3951.7549325885357,3951.7549325885357,3951.7549325885357,3951.7549325885357,0.0,0.0,0.0,47041.32225813994
2011-11-02,43203.223406613324,26045.383501755743,56936.61305204333,43203.223406613324,43203.223406613324,-2342.578683688322,-2342.578683688322,-2342.578683688322,-2342.578683688322,-2342.578683688322,-2342.578683688322,0.0,0.0,0.0,40860.644722925004
2011-11-03,43316.87948767524,35220.33858143794,65740.38101800269,43316.87948767524,43316.87948767524,6117.2006350283855,6117.2006350283855,6117.2006350283855,6117.2006350283855,6117.2006350283855,6117.2006350283855,0.0,0.0,0.0,49434.08012270363
2011-11-04,43430.53556873716,24863.77829238414,55504.06235469984,43430.53556873716,43430.53556873716,-2841.342941813322,-2841.342941813322,-2841.342941813322,-2841.342941813322,-2841.342941813322,-2841.342941813322,0.0,0.0,0.0,40589.19262692384
2011-11-05,43544.19164979908,42533.1179239948,72982.16593937768,43544.19164979908,43544.19164979908,13989.820852545694,13989.820852545694,13989.820852545694,13989.820852545694,13989.820852545694,13989.820852545694,0.0,0.0,0.0,57534.012502344776
2011-11-06,43657.847730860994,11490.607216630153,41697.411454862864,43657.847730860994,43657.847730860994,-17007.91919033777,-17007.91919033777,-17007.91919033777,-17007.91919033777,-17007.91919033777,-17007.91919033777,0.0,0.0,0.0,26649.928540523226
2011-11-07,43771.503811922914,26136.951620470703,55190.1345552701,43771.503811922914,43771.52337776762,-1866.935604379592,-1866.935604379592,-1866.935604379592,-1866.935604379592,-1866.935604379592,-1866.935604379592,0.0,0.0,0.0,41904.56820754332
2011-11-08,43885.15989298484,32977.83112995287,63288.459225491715,43883.87981307038,43887.690243993835,3951.7549326087656,3951.7549326087656,3951.7549326087656,3951.7549326087656,3951.7549326087656,3951.7549326087656,0.0,0.0,0.0,47836.91482559361
2011-11-09,43998.81597404675,25562.04636835039,56597.08788412521,43995.20956363998,44003.68968859506,-2342.578683642581,-2342.578683642581,-2342.578683642581,-2342.578683642581,-2342.578683642581,-2342.578683642581,0.0,0.0,0.0,41656.23729040417
2011-11-10,44112.47205510867,34927.09752738448,65491.005492356344,44104.16736011401,44121.03819051455,6117.200635042363,6117.200635042363,6117.200635042363,6117.200635042363,6117.200635042363,6117.200635042363,0.0,0.0,0.0,50229.672690151034
2011-11-11,44226.12813617059,25814.829240825416,56302.084701490494,44211.92210167711,44239.52271347145,-2841.3429418455967,-2841.3429418455967,-2841.3429418455967,-2841.3429418455967,-2841.3429418455967,-2841.3429418455967,0.0,0.0,0.0,41384.78519432499
2011-11-12,44339.7842172325,43659.01907402461,73406.39506365475,44318.20395240685,44357.52681354289,13989.820852571145,13989.820852571145,13989.820852571145,13989.820852571145,13989.820852571145,13989.820852571145,0.0,0.0,0.0,58329.60506980365
2011-11-13,44453.44029829442,13491.66845031331,42727.90118623476,44423.91755977518,44477.34486979718,-17007.919190274675,-17007.919190274675,-17007.919190274675,-17007.919190274675,-17007.919190274675,-17007.919190274675,0.0,0.0,0.0,27445.521108019748
2011-11-14,44567.09637935634,27763.274834113057,58690.5354565635,44529.6560199165,44598.17150316826,-1866.9356043855062,-1866.9356043855062,-1866.9356043855062,-1866.9356043855062,-1866.9356043855062,-1866.9356043855062,0.0,0.0,0.0,42700.160774970835
2011-11-15,44680.75246041827,34538.55942856288,65011.07298390103,44636.0443185685,44717.38899933882,3951.7549326289964,3951.7549326289964,3951.7549326289964,3951.7549326289964,3951.7549326289964,3951.7549326289964,0.0,0.0,0.0,48632.507393047264
2011-11-16,44794.40854148018,26809.706483321956,57740.846142891314,44743.27149305516,44838.74594870782,-2342.5786836631987,-2342.5786836631987,-2342.5786836631987,-2342.5786836631987,-2342.5786836631987,-2342.5786836631987,0.0,0.0,0.0,42451.829857816985
2011-11-17,44908.0646225421,35643.214257255386,66791.56364968886,44849.27332268725,44961.90413690104,6117.200635008887,6117.200635008887,6117.200635008887,6117.200635008887,6117.200635008887,6117.200635008887,0.0,0.0,0.0,51025.265257550986
2011-11-18,45021.72070360402,26608.398503683446,57292.56456615602,44953.268662864284,45082.242720226815,-2841.342941839585,-2841.342941839585,-2841.342941839585,-2841.342941839585,-2841.342941839585,-2841.342941839585,0.0,0.0,0.0,42180.37776176444
2011-11-19,45135.37678466593,44058.64166925698,74121.28611256903,45057.93702354591,45202.8215917574,13989.82085255939,13989.82085255939,13989.82085255939,13989.82085255939,13989.82085255939,13989.82085255939,0.0,0.0,0.0,59125.19763722532
2011-11-20,45249.03286572785,12885.065455148677,43212.904367654955,45163.17198368758,45326.44197074089,-17007.919190313725,-17007.919190313725,-17007.919190313725,-17007.919190313725,-17007.919190313725,-17007.919190313725,0.0,0.0,0.0,28241.113675414126
2011-11-21,45362.68894678977,28847.948891806984,57543.9972994948,45267.8790835522,45450.15198267496,-1866.9356043914204,-1866.9356043914204,-1866.9356043914204,-1866.9356043914204,-1866.9356043914204,-1866.9356043914204,0.0,0.0,0.0,43495.75334239835
2011-11-22,45476.34502785169,35038.51249603506,64441.59800497639,45369.16122667415,45572.67407420554,3951.7549326492253,3951.7549326492253,3951.7549326492253,3951.7549326492253,3951.7549326492253,3951.7549326492253,0.0,0.0,0.0,49428.09996050091
2011-11-23,45590.00110891361,28523.471384860426,58498.116701398765,45474.12882165134,45693.024710144724,-2342.578683602276,-2342.578683602276,-2342.578683602276,-2342.578683602276,-2342.578683602276,-2342.578683602276,0.0,0.0,0.0,43247.422425311335
2011-11-24,45703.65718997553,36431.81573600845,66407.33873641911,45576.38949534565,45819.06745939716,6117.200635061573,6117.200635061573,6117.200635061573,6117.200635061573,6117.200635061573,6117.200635061573,0.0,0.0,0.0,51820.8578250371
2011-11-25,45817.31327103744,28012.461776436703,57754.39549389782,45678.68518940535,45943.28928161794,-2841.342941858084,-2841.342941858084,-2841.342941858084,-2841.342941858084,-2841.342941858084,-2841.342941858084,0.0,0.0,0.0,42975.970329179356
2011-11-26,45930.96935209937,45745.754676757,75476.61524056259,45781.91414745354,46065.474951431475,13989.820852547631,13989.820852547631,13989.820852547631,13989.820852547631,13989.820852547631,13989.820852547631,0.0,0.0,0.0,59920.790204647
2011-11-27,46044.62543316128,13450.2975682483,44631.920433066945,45886.59773734209,46190.86945389043,-17007.919190310287,-17007.919190310287,-17007.919190310287,-17007.919190310287,-17007.919190310287,-17007.919190310287,0.0,0.0,0.0,29036.706242850993
2011-11-28,46158.28151422319,29932.382131963157,58774.51210290247,45991.875285726215,46315.2664718679,-1866.935604444507,-1866.935604444507,-1866.935604444507,-1866.935604444507,-1866.935604444507,-1866.935604444507,0.0,0.0,0.0,44291.34590977868
2011-11-29,46271.93759528512,35009.80772647614,65410.06561929511,46095.80234911996,46440.23384435003,3951.754932586835,3951.754932586835,3951.754932586835,3951.754932586835,3951.754932586835,3951.754932586835,0.0,0.0,0.0,50223.69252787196
2011-11-30,46385.59367634704,29416.108139928045,59275.86315517623,46198.455001761096,46570.72731155254,-2342.578683622896,-2342.578683622896,-2342.578683622896,-2342.578683622896,-2342.578683622896,-2342.578683622896,0.0,0.0,0.0,44043.014992724144
2011-12-01,46499.24975740896,36689.02307960697,67559.00334177444,46300.68770326931,46697.621649852765,6117.200635028098,6117.200635028098,6117.200635028098,6117.200635028098,6117.200635028098,6117.200635028098,0.0,0.0,0.0,52616.45039243706
2011-12-02,46612.90583847087,27645.601372861336,58846.248625245564,46399.42705382779,46825.1551119652,-2841.342941838294,-2841.342941838294,-2841.342941838294,-2841.342941838294,-2841.342941838294,-2841.342941838294,0.0,0.0,0.0,43771.562896632575
2011-12-03,46726.561919532796,46362.22460428163,75159.05950519002,46499.28051897506,46951.39133534783,13989.820852535877,13989.820852535877,13989.820852535877,13989.820852535877,13989.820852535877,13989.820852535877,0.0,0.0,0.0,60716.382772068675
2011-12-04,46840.21800059471,14272.381730082794,44031.81913546005,46596.426835330814,47079.186337034414,-17007.91919033217,-17007.91919033217,-17007.91919033217,-17007.91919033217,-17007.91919033217,-17007.91919033217,0.0,0.0,0.0,29832.29881026254
